id,verdict,confidence,notes,class,src_len,path_ok
010ed8e72e860eec08915a8c1a8007ca622f411e20c303c853e853b40e72e13e,UNCERTAIN,0.4,s3:loop_pattern_ambiguous,Class02:GasException,6744,True
04211d1fa744e008388678e64c60fe81c54c49868809c9b6d47e99fea16a7b49,UNCERTAIN,0.4,s3:loop_pattern_ambiguous,Class02:GasException,12638,True
0469bfd7efa4e92cc40f564ce49e43b99857870974e6f59a89bf4323fbc75687,UNCERTAIN,0.4,s3:loop_pattern_ambiguous,Class02:GasException,32878,True
0673c3c4c26eafb96b897e72569d887aec889627cbc6ccc1232ae38f43617303,UNCERTAIN,0.4,s3:loop_pattern_ambiguous,Class02:GasException,35240,True
06aec7c49cfeae4d5aa440a02497cb81beb4c26056f8ff5ea8637e9868b51463,UNCERTAIN,0.4,s3:loop_pattern_ambiguous,Class02:GasException,34609,True
0760dd378bed652fa5bf340557db614b370200dd104ce8a92fb28434a1a64536,UNCERTAIN,0.4,s3:loop_pattern_ambiguous,Class02:GasException,8427,True
077bdd0f343203293306f5f2c05a53b1c299f7d280b44d83de5a1ac2dab087ff,UNCERTAIN,0.4,s3:loop_pattern_ambiguous,Class02:GasException,12517,True
07f4264173be47bd2fc38f31f6effd3f8d5494c286340852f5be02bf2085a490,UNCERTAIN,0.4,s3:loop_pattern_ambiguous,Class02:GasException,25547,True
09657a494e9f4294104c8b6b48ada346ace8dfca57faa5231f168c4031d4bb40,UNCERTAIN,0.4,s3:loop_pattern_ambiguous,Class02:GasException,46461,True
09d15b976d42c7ec396769ada193f9eae0eea2052a2f393364406f0a6a24c0c0,UNCERTAIN,0.4,s3:loop_pattern_ambiguous,Class02:GasException,2495,True
0a76716dec8d120c50b89c7276171aab1ac52ab69659f62a78da4604a182946d,UNCERTAIN,0.4,s3:loop_pattern_ambiguous,Class02:GasException,4683,True
0abf5b730561317a3d4d2b1fa863a17d218a519443ea24dc1aa718ff0436d0d1,UNCERTAIN,0.4,s3:loop_pattern_ambiguous,Class02:GasException,22972,True
0aa8411d50305e3756138fa2af41b8be63ee7e7de0a5f4e64a45e3f4ee7fb926,UNCERTAIN,0.4,s3:loop_pattern_ambiguous,Class02:GasException,30171,True
0c5e94ac49e4e804fef293ff269e955388499cac06a3d1b48ed898ca810c99aa,UNCERTAIN,0.4,s3:loop_pattern_ambiguous,Class02:GasException,10023,True
0c4446cfe40a162a725ba2385b2b2f615f76df671044ce82eaa58033a6832c98,UNCERTAIN,0.4,s3:loop_pattern_ambiguous,Class02:GasException,27741,True
1046fde8472a7925c61d8b04e097b3fa11f9602eded9efbe8bacad634689d537,UNCERTAIN,0.4,s3:loop_pattern_ambiguous,Class02:GasException,64881,True
128920c87ba6a9e215a9a30f35905d0fc158d98ae85dd40a598144f1a2b02698,UNCERTAIN,0.4,s3:loop_pattern_ambiguous,Class02:GasException,11769,True
12e23783aa87a08926d4aad645d4a78be7cc63e7dcaaaca3f337dad1d0b28a5d,UNCERTAIN,0.4,s3:loop_pattern_ambiguous,Class02:GasException,33215,True
13c4fa1fa394cd01d6b885efa015fbaa87022a9e31769e2ea1526c5835006096,UNCERTAIN,0.4,s3:loop_pattern_ambiguous,Class02:GasException,12982,True
14068c3c99c401eb3cb3fa7583e540b2c82ba1140cf119cd4ce98f3818df0649,UNCERTAIN,0.4,s3:loop_pattern_ambiguous,Class02:GasException,12586,True
1508359bfe584debc549ad58e52a63ea5ac3ea93a84749d1ebd9d6a6424cd8c8,UNCERTAIN,0.4,s3:loop_pattern_ambiguous,Class02:GasException,17800,True
157be386f836393e063e1c3510204fcc18cb9ac841116e43d21583bdb65aa4b7,UNCERTAIN,0.4,s3:loop_pattern_ambiguous,Class02:GasException,8707,True
15e35c927fd4420149c870b4f608056a73298e10b0e82e1d1bb727915dfefa00,UNCERTAIN,0.4,s3:loop_pattern_ambiguous,Class02:GasException,67786,True
168427ed1691bf562e8780a015eaa89eea954488726643277aca5dd562300af0,UNCERTAIN,0.4,s3:loop_pattern_ambiguous,Class02:GasException,11929,True
16e94ce550e822e5e3015b59b0c21df42c44974a86bc67462a9ae8774dcae8b4,UNCERTAIN,0.4,s3:loop_pattern_ambiguous,Class02:GasException,19592,True
17fde6b3da48a7eb4ec1eea554091b39dbe753a8be7a3c76d4445bac1f48352b,UNCERTAIN,0.4,s3:loop_pattern_ambiguous,Class02:GasException,34316,True
19070d70fe25afc3ce070546aaa41f3dff51af5c08d153ce87c89b4da953c1d0,UNCERTAIN,0.4,s3:loop_pattern_ambiguous,Class02:GasException,24861,True
199fab1d9271a5ad6d4c8cd37c0e3bb471d8fd02a4317d086d688bc8036e5ff7,UNCERTAIN,0.4,s3:loop_pattern_ambiguous,Class02:GasException,27737,True
1a9b3d4c0d08bd60fd96fd84ffd8b5069957eddb66714c5dedc92d8613c99226,UNCERTAIN,0.4,s3:loop_pattern_ambiguous,Class02:GasException,12558,True
1b61af06eb3feb386eceade74b0d5af6b845643469df052fb7e9330e2b467518,UNCERTAIN,0.4,s3:loop_pattern_ambiguous,Class02:GasException,14079,True
1d12ac0e80a2b56f5e7bb161ce26ba465471f80e1723cd1360db085f5f83e26c,UNCERTAIN,0.4,s3:loop_pattern_ambiguous,Class02:GasException,47651,True
1da345bd6bf59bb0181bd1d55e0c67e5a9b47f56f2815781e029cd025a7d7e51,UNCERTAIN,0.4,s3:loop_pattern_ambiguous,Class02:GasException,11544,True
1e60e8f11b8d213346b32c31abc5e7de937381daf642a2e4c3fa3ede5177660e,UNCERTAIN,0.4,s3:loop_pattern_ambiguous,Class02:GasException,7736,True
1fae5ba34ef553152d4d47fc4c128577615f344632981530431efb66876d91a1,UNCERTAIN,0.4,s3:loop_pattern_ambiguous,Class02:GasException,31550,True
20276827d7603b377627b17c4cbb4e3c658268505da8e985e55898265354840e,UNCERTAIN,0.4,s3:loop_pattern_ambiguous,Class02:GasException,7498,True
20a13a2c7722b7e6e559f6a36f7f1ed40cb433f5682de6a5e274057fe0ec9492,UNCERTAIN,0.4,s3:loop_pattern_ambiguous,Class02:GasException,6999,True
209adcb9466918b80ea7febd2417a52600f57ca7bfcd67b52c93625778bbf408,UNCERTAIN,0.4,s3:loop_pattern_ambiguous,Class02:GasException,85433,True
21c74ca35efc4d9d206587541a971a7ab40f5194b72c889247930c984a21749f,UNCERTAIN,0.4,s3:loop_pattern_ambiguous,Class02:GasException,3343,True
2334ed5ee2457794611db7da45893729acbf27cefbe1db928aa0f40727c26ec9,UNCERTAIN,0.4,s3:loop_pattern_ambiguous,Class02:GasException,9508,True
239fd523d04ae2582c2be90d5f020d0864fe5d0ce88cc65b066b187d77a4cff8,UNCERTAIN,0.4,s3:loop_pattern_ambiguous,Class02:GasException,12561,True
23f77257ef76bb81f1d386e2ff3d7f0e14c9c488d3791c135104b627d37bc29a,UNCERTAIN,0.4,s3:loop_pattern_ambiguous,Class02:GasException,38262,True
24e54c9eb561c1a5125aa0668897193670a39cf2ced7fba1a847269a1b36c29a,UNCERTAIN,0.4,s3:loop_pattern_ambiguous,Class02:GasException,30170,True
25642a3a4f7998c043455c810e0c77afd9358337f0f7d8d966f5cc1152fbd24f,UNCERTAIN,0.4,s3:loop_pattern_ambiguous,Class02:GasException,23294,True
25fe209cdd16a5ed344eca0c53cf7365d1365ea590e41ddc15c0781a7e5b9b06,UNCERTAIN,0.4,s3:loop_pattern_ambiguous,Class02:GasException,6979,True
291ef1a88cbdda8cb93ae14fc249e5d52d5d670a63a4aabc7a2f4ac231a8ce5a,UNCERTAIN,0.4,s3:loop_pattern_ambiguous,Class02:GasException,77660,True
29b52ccee3a927e632c5a575ea1c063a64775caae9fcf8bfce9a68dc219325ed,UNCERTAIN,0.4,s3:loop_pattern_ambiguous,Class02:GasException,1475,True
2a6648ec439233a99ef5452654b9f14070a5f0cdf40d1e6642b973479f27326b,UNCERTAIN,0.4,s3:loop_pattern_ambiguous,Class02:GasException,66763,True
2b2625a7067932057a5d3189c44a41b6d35bd66df1bfae51029e479b6571b7e8,UNCERTAIN,0.4,s3:loop_pattern_ambiguous,Class02:GasException,6610,True
2ce7f5073ae32957f7dfaf26d4f4cad7f2775e58ce9f22cc233cb3a0a9434f58,UNCERTAIN,0.4,s3:loop_pattern_ambiguous,Class02:GasException,22601,True
2dc3c36e7d93b984de462cbb97b71fb130b78f12329e8cedd526786321c87de7,UNCERTAIN,0.4,s3:loop_pattern_ambiguous,Class02:GasException,67371,True
2e968fbb73e49621353da39e91d1a7672601f1594043c0752adb998f2eff21b8,UNCERTAIN,0.4,s3:loop_pattern_ambiguous,Class02:GasException,14811,True
33fc746e3a7d59cb0fc77f27582bbfd5a8f425870768ff903b8b2eb0a95ece17,UNCERTAIN,0.4,s3:loop_pattern_ambiguous,Class02:GasException,22254,True
34ccce27651f19898dc3339cf8d816d77d89a987c60a77d1213e1695a0cf711a,UNCERTAIN,0.4,s3:loop_pattern_ambiguous,Class02:GasException,12328,True
353750f1ac7ea1eb67115e8abfd65fd969d5102e6a465c96367b0239f2fbb410,UNCERTAIN,0.4,s3:loop_pattern_ambiguous,Class02:GasException,67114,True
34d42ce2340200758ba752964b598065b06855a8ae624666390d341b40d7ba30,UNCERTAIN,0.4,s3:loop_pattern_ambiguous,Class02:GasException,13756,True
357eb71f1e9c3603668b0a9f4a960cfbad093141d082180c30345a48d72960f4,UNCERTAIN,0.4,s3:loop_pattern_ambiguous,Class02:GasException,30130,True
382270deac967b636d4ed79b2f075922da52fcb2100aa7bec1539edd39a0c4f7,UNCERTAIN,0.4,s3:loop_pattern_ambiguous,Class02:GasException,12260,True
39355c0d24ba4863bd3e881cc8ab62909711cfc4885f2b52f3edb13d7339054c,UNCERTAIN,0.4,s3:loop_pattern_ambiguous,Class02:GasException,11605,True
3b3e464717ecb2f0325b3317f7a9a012b7977af89a473c471e008c36cebdcf3b,UNCERTAIN,0.4,s3:loop_pattern_ambiguous,Class02:GasException,12518,True
3b6e9fa1be44d172f3c0ae139e51c5478ffcda3b61837d21eebf28defa0b4a8e,UNCERTAIN,0.4,s3:loop_pattern_ambiguous,Class02:GasException,6236,True
3d3375a9822f161e2cb295df8e488fe331a52eeceea01b97a6395310594a15b6,UNCERTAIN,0.4,s3:loop_pattern_ambiguous,Class02:GasException,5436,True
3d653c7f90c36d5d42fc30383769b165b377bb4cbbf4963b35c53704a3102d6f,UNCERTAIN,0.4,s3:loop_pattern_ambiguous,Class02:GasException,16388,True
3f8f47b00f6531b4c069b12763ee59c3ae6c45a4cbc92433c6bafaf8c817223f,UNCERTAIN,0.4,s3:loop_pattern_ambiguous,Class02:GasException,4308,True
3ff1c7a753640159420a8025fef1e49829cced7ba9a102929410ada2a5228e3b,UNCERTAIN,0.4,s3:loop_pattern_ambiguous,Class02:GasException,64565,True
4051557269a27e129e11780d37f603e45f4e8782f9e02b70e3eea71340f68f85,UNCERTAIN,0.4,s3:loop_pattern_ambiguous,Class02:GasException,26464,True
40f1be124755e9d1d24e438e38f74357e689c1e561b2cdc165e19a0b8ea4eb08,UNCERTAIN,0.4,s3:loop_pattern_ambiguous,Class02:GasException,21489,True
4130b1440ebc719ca18dad5b2d5093578612f99547755b135b1760e0cab9fd7a,UNCERTAIN,0.4,s3:loop_pattern_ambiguous,Class02:GasException,12414,True
41d024db2a8523be5fa14807bc976c505ce192f422280245d24a8f37a9963c39,UNCERTAIN,0.4,s3:loop_pattern_ambiguous,Class02:GasException,22798,True
41ed539588b02243bdc11033a871380710281d81f8e5119198481ec675fb60ca,UNCERTAIN,0.4,s3:loop_pattern_ambiguous,Class02:GasException,15697,True
42bda4640303cca8a872c62e5a3b1c7d4d741847b9008f2ddff377d9e2dfbd5c,UNCERTAIN,0.45,s3:gas_limit_set_manually,Class02:GasException,33186,True
42ebe5be80c1cb0cb66da9f9b3a5868126ebc30cf0ccaee2ea89c1cc9fa77f2f,UNCERTAIN,0.4,s3:loop_pattern_ambiguous,Class02:GasException,16516,True
4364dc27e9d44aa18ac77b37a9210d88d4ce545cb30b4070b4d0cd06d8110ed8,UNCERTAIN,0.4,s3:loop_pattern_ambiguous,Class02:GasException,12526,True
43b04d21718396dbe9417073aad43c9659f89961a1fcff0a9e1684ed9e67b524,UNCERTAIN,0.4,s3:loop_pattern_ambiguous,Class02:GasException,41109,True
447f76792fe202712526ee3fa9ab0bee81416c6f21b7039c6b94bea988128323,UNCERTAIN,0.4,s3:loop_pattern_ambiguous,Class02:GasException,10523,True
4809edaaf87b3e5d87f7818289d20d8aa6f4716037fbb07210e4e7f910d42e92,UNCERTAIN,0.4,s3:loop_pattern_ambiguous,Class02:GasException,17651,True
482890dd0588558f25252228d290d5218c1c9e2044164202d82c370e62fb0fe7,UNCERTAIN,0.4,s3:loop_pattern_ambiguous,Class02:GasException,21773,True
49602d194cb3fa0cdff156b36a7cb79d7f5008eda4920389632708081610cce6,UNCERTAIN,0.4,s3:loop_pattern_ambiguous,Class02:GasException,195557,True
4a4c91ef1abee1e2a6c1856f506a102afaeb7efa7068cdd528e1aa03b016d118,UNCERTAIN,0.4,s3:loop_pattern_ambiguous,Class02:GasException,13315,True
4d50c38fd380d564b6f2313c28545fa0256a515e22c7c224cc1fa5c6c04061b3,UNCERTAIN,0.4,s3:loop_pattern_ambiguous,Class02:GasException,2624,True
4e901113f6c619973ad3cbc4871e10db3ab67578fd63c328dbcc10af445749df,UNCERTAIN,0.4,s3:loop_pattern_ambiguous,Class02:GasException,14753,True
4ef51f2bc3cfefb5ef41adb49752d783d153406731677712a95302286586ecd9,UNCERTAIN,0.4,s3:loop_pattern_ambiguous,Class02:GasException,26097,True
512ec52635526a6f158f9f2814903aae3b972db91e015921e50989404befe671,UNCERTAIN,0.4,s3:loop_pattern_ambiguous,Class02:GasException,44522,True
512babbb89f68d5c359d13c9a651edb3fa6671b93affbb1f230276ae58f7f546,UNCERTAIN,0.4,s3:loop_pattern_ambiguous,Class02:GasException,32049,True
51d9317c95ae4e834d2bf6c572aa16fd84d25a14834af68300c6fd4a3eb16efd,UNCERTAIN,0.4,s3:loop_pattern_ambiguous,Class02:GasException,75480,True
5383ceb3ee1fd0f59c958ad4d1bb6ea941f18e92b90235b8c4a4523538c7dc47,UNCERTAIN,0.4,s3:loop_pattern_ambiguous,Class02:GasException,12598,True
5385bf1db0ff612e4cf057f040749355cd277ef4acdaddfa9349e8ee0eb21e6e,UNCERTAIN,0.4,s3:loop_pattern_ambiguous,Class02:GasException,33426,True
5633af9c0766dd46205dca859c468003f8019fc5346c391c0a432ce70de3501c,UNCERTAIN,0.4,s3:loop_pattern_ambiguous,Class02:GasException,44598,True
56e7d78bce76a919ed2168155d94bedddc1dd724ee1d602e45103a957f8e4238,UNCERTAIN,0.4,s3:loop_pattern_ambiguous,Class02:GasException,30172,True
56ec18d46240dd1f902500a4a09c0aba6f13bc115ca409a0bc9b05027d20f5c2,UNCERTAIN,0.4,s3:loop_pattern_ambiguous,Class02:GasException,26178,True
57be24928f006a4e4b0510b131bd2f1c1511e8529830710f37ad9b2acfe1e140,UNCERTAIN,0.45,s3:gas_limit_set_manually,Class02:GasException,16276,True
585fee4f9962d20012f0196a1872978ff22b75fc3f397e11f69d34cea52d08ca,UNCERTAIN,0.4,s3:loop_pattern_ambiguous,Class02:GasException,24326,True
5943486b08139ee8b0f162d577b6dba0370f354692db3d00b5e26c45b4905202,UNCERTAIN,0.4,s3:loop_pattern_ambiguous,Class02:GasException,11359,True
5a3427027dbcbd5e22e7edeffcc9abd29c9af911b3ef97f17bb8f2d993301dbb,UNCERTAIN,0.4,s3:loop_pattern_ambiguous,Class02:GasException,5696,True
5b9a279fea7e732a13f88d940ea2d97ea89ec1f0b652edac9b00cfb30a098852,UNCERTAIN,0.4,s3:loop_pattern_ambiguous,Class02:GasException,3188,True
5ba2d0d63843b81a9a7cbef729911c37691870c297259b0b15f3d98eaddc9ae7,UNCERTAIN,0.4,s3:loop_pattern_ambiguous,Class02:GasException,20710,True
5d7bf08bbb789e08d7eaad3bc119da39eff7bc807797a0906881f1bf07827e1d,UNCERTAIN,0.4,s3:loop_pattern_ambiguous,Class02:GasException,23041,True
5dd0d84a85084e65b18cd401ead557703c4e25fadf4ed3c6f9282036b614beb3,UNCERTAIN,0.4,s3:loop_pattern_ambiguous,Class02:GasException,23540,True
5e010e942ced100b7da5cdcf5dc26012b6f606a16b206075203bc2d2ec36acc6,UNCERTAIN,0.4,s3:loop_pattern_ambiguous,Class02:GasException,17819,True
61553eb876ee4e692da57ca9c466f103c83eaac02b9310eede26cb89f958b9c5,UNCERTAIN,0.4,s3:loop_pattern_ambiguous,Class02:GasException,26860,True
61a741ebaf9619b5e765ac4904ca7246f534a2357a09d713e2cc9e8ccf4dd596,UNCERTAIN,0.4,s3:loop_pattern_ambiguous,Class02:GasException,28000,True
62da20f78b65eadd537e34be59d857c955cfc0481178e0fd4951edfc3213f03e,UNCERTAIN,0.4,s3:loop_pattern_ambiguous,Class02:GasException,12528,True
62e46d9abdd31ed2dcabc8849d635d7a5773633b3f4db0701bca6c04b21639b0,UNCERTAIN,0.4,s3:loop_pattern_ambiguous,Class02:GasException,7623,True
63daabffe398887060703920cd69a7d34c70281420705b9a04cbb75eb9eba406,UNCERTAIN,0.4,s3:loop_pattern_ambiguous,Class02:GasException,44655,True
6470388a8b90a928a1cddf76e2718a3f0e586f7b7af216ad4d062a01fe1e4005,UNCERTAIN,0.4,s3:loop_pattern_ambiguous,Class02:GasException,24297,True
647d7fec72fbee6b400dc8a71389a8acb80494418831d088c44d6c3217c73595,UNCERTAIN,0.4,s3:loop_pattern_ambiguous,Class02:GasException,25427,True
64daf87e522275e865198375898c1587c0fa80abaace51d68c87f5784ecfe86c,UNCERTAIN,0.4,s3:loop_pattern_ambiguous,Class02:GasException,34921,True
67439961c9b841692e67a25bdedea8853b186e0e32a1215f6ddad78d400527fa,UNCERTAIN,0.4,s3:loop_pattern_ambiguous,Class02:GasException,6775,True
679c732e94e652695459b49815113bf9d1b3a4fdad992804129870aeaf5ec28e,UNCERTAIN,0.4,s3:loop_pattern_ambiguous,Class02:GasException,22796,True
681c5e53aedbc97c3b80b35afc6fe4d9efcf1aa0254ec6cc6df3be984f91d1a8,UNCERTAIN,0.4,s3:loop_pattern_ambiguous,Class02:GasException,72157,True
687d58ccc8cbbe74aaf6b012e8cbb49da4586d902bc3d0cbe4b58c62eadbc1fe,UNCERTAIN,0.4,s3:loop_pattern_ambiguous,Class02:GasException,27434,True
685b55125384c08b15af53d7536565518e0b42dd35ba1211efdd50ea21881c9d,UNCERTAIN,0.4,s3:loop_pattern_ambiguous,Class02:GasException,12408,True
68e00208769f5889e41f3f705225fd8cc8d1263613edd44414540b8af2d4fb77,UNCERTAIN,0.4,s3:loop_pattern_ambiguous,Class02:GasException,27212,True
695905e9e6e3d983fee3c3d93550f4bc6051eaa238e5f5d384e19151bf2748f3,UNCERTAIN,0.4,s3:loop_pattern_ambiguous,Class02:GasException,30171,True
6c48dc9e6041144a69398a7c4278f96a39d7e201dfdb97f6ea29dcb05f9128ef,UNCERTAIN,0.4,s3:loop_pattern_ambiguous,Class02:GasException,7857,True
6f9f2f0ffadc82a0c3e2d138fabb9b2a82c7732ee393699ed06f164a46a42f76,UNCERTAIN,0.4,s3:loop_pattern_ambiguous,Class02:GasException,11566,True
72d041731556b16fbd348b84c6b3f8b1691febf3a0b8271f11f69bbf8e1b0f71,UNCERTAIN,0.4,s3:loop_pattern_ambiguous,Class02:GasException,39386,True
73859efb5734a2bec9d1b469047dd115e2d734f274e94454444d2455c79b9c4d,UNCERTAIN,0.4,s3:loop_pattern_ambiguous,Class02:GasException,11317,True
7421e4ad6db7cddc818710fc369e4ac17b6143abac8c007cf476dff70adafdd2,UNCERTAIN,0.4,s3:loop_pattern_ambiguous,Class02:GasException,38800,True
74675c10ae183d6a6f6e62c96abdc6ea0a2763708c37d80ee52570b06490bbf5,UNCERTAIN,0.4,s3:loop_pattern_ambiguous,Class02:GasException,30169,True
74bda06dbfb83fba7b678bc5118fb76e1fc6cda9b300e041fdcf68b1c20bc23f,UNCERTAIN,0.4,s3:loop_pattern_ambiguous,Class02:GasException,14811,True
753dd5fc522a2552b28af77f26183ebf7add83876251decfb6d23119c3819873,UNCERTAIN,0.4,s3:loop_pattern_ambiguous,Class02:GasException,11590,True
757f6a0be4e4c88d263335d9b690a02b44537d48afbc2e41a3c424a5b6a79a1e,UNCERTAIN,0.4,s3:loop_pattern_ambiguous,Class02:GasException,9727,True
7667ade6dfbe1cb95068cfb53618902a04f6a28dfb7661ce7d3b16393c1756bb,UNCERTAIN,0.4,s3:loop_pattern_ambiguous,Class02:GasException,21116,True
77e2909b04ac1aa4c066a66f8337b73cf245cd73564fc2c03fcd3a7ba5590a6e,UNCERTAIN,0.4,s3:loop_pattern_ambiguous,Class02:GasException,24261,True
783d48d039062cdb6612eb88c05e55da052db6c07565af05fbe095219ffa5564,UNCERTAIN,0.4,s3:loop_pattern_ambiguous,Class02:GasException,5301,True
78e035dc1a801b836020cd2f9e2ed8622a3d442571bb3268dddba58f865bd08e,UNCERTAIN,0.4,s3:loop_pattern_ambiguous,Class02:GasException,11316,True
7a7361b99e5bc36c7c5d53ce1ecfad5650b6f69c431af9daaf29d7b770444dd6,UNCERTAIN,0.4,s3:loop_pattern_ambiguous,Class02:GasException,12561,True
7ae0e8a197230185775970ae4c85c6f90c5bb0d84aa1b81d42435547ab3752fe,UNCERTAIN,0.4,s3:loop_pattern_ambiguous,Class02:GasException,9962,True
7c5fbdab7401fc60c01b59c4036095370a1c8af581cd79f04f7ba407c3b541d7,UNCERTAIN,0.4,s3:loop_pattern_ambiguous,Class02:GasException,12566,True
7d477898e9ffcd6e7f4a506910e6ef7f240234e60ac434416d54a059eed581fd,UNCERTAIN,0.4,s3:loop_pattern_ambiguous,Class02:GasException,22104,True
7de0c46db47e89b54084adc273f42675f5ba33429955370813ca63894d5be445,UNCERTAIN,0.4,s3:loop_pattern_ambiguous,Class02:GasException,40860,True
7ec4bf7704b3897a4475e7bdf100254da1ada9db9489e56c3188d8e2cf82a948,UNCERTAIN,0.4,s3:loop_pattern_ambiguous,Class02:GasException,30407,True
8207412e4d1914e606ec604622be92a69532183cf44a1dc37b9574040787b15a,UNCERTAIN,0.4,s3:loop_pattern_ambiguous,Class02:GasException,11004,True
82de12059605e54b245c95cfab5f70ce78320577756e510b78f4544ffb33186b,UNCERTAIN,0.4,s3:loop_pattern_ambiguous,Class02:GasException,13309,True
83b6524b1fc385b15e8891f271219f718d02eb811bf97b85f80f45cf1d4b982b,UNCERTAIN,0.4,s3:loop_pattern_ambiguous,Class02:GasException,12535,True
8422e69502a4ca9da5f387a02d1d8ce106afc00978f93a2e6aeee0b18baeddba,UNCERTAIN,0.45,s3:gas_limit_set_manually,Class02:GasException,29324,True
845c4de50b5de31bcd18b3ef668d4882677cdcae33f8d8f0d614592a2c00aa43,UNCERTAIN,0.4,s3:loop_pattern_ambiguous,Class02:GasException,33352,True
84934215eae93480ac753ad52f9d1ab7bb2fc22a74f9395338f363d26348859e,UNCERTAIN,0.4,s3:loop_pattern_ambiguous,Class02:GasException,6044,True
854194647386c3d77fc9d52f3cf25bf90fbd89a2e1dc0b0bdd95e15ead2cc415,UNCERTAIN,0.4,s3:loop_pattern_ambiguous,Class02:GasException,35446,True
86090290877f18a046191ff9259b2bba17351e1f1b4388a5aa3492f2ebb21916,UNCERTAIN,0.4,s3:loop_pattern_ambiguous,Class02:GasException,52769,True
8b0b3d5a4d27abcffa56c95c47a40aff5a80f61bb0d2a893c89eff96d81b6bb7,UNCERTAIN,0.4,s3:loop_pattern_ambiguous,Class02:GasException,23904,True
8cd4b37a824b3b6f1778910ac978d3fef4b6de461cef72131dd478583165c2bb,UNCERTAIN,0.4,s3:loop_pattern_ambiguous,Class02:GasException,17103,True
8d13ef82aba3222b29866037b267678642a4e1c06abb9278d504e65142b138cd,UNCERTAIN,0.4,s3:loop_pattern_ambiguous,Class02:GasException,7406,True
8d3a99ab41bad0722eb90140a64f039a3e5c3cf7bcc53797fc07e3dd95d4829e,UNCERTAIN,0.4,s3:loop_pattern_ambiguous,Class02:GasException,48880,True
8e1148543ca35903731e77ee05cae18ca5c30897b2cec96557f1c756713900d6,UNCERTAIN,0.4,s3:loop_pattern_ambiguous,Class02:GasException,12416,True
906990ddaa6b9b278653231b0dae61637499af80fc481d824134d891a0fe04be,UNCERTAIN,0.4,s3:loop_pattern_ambiguous,Class02:GasException,12172,True
920e233342fd4bf048f87e73a15ae78d1e7ff4b77f4e76786942d326292e793f,UNCERTAIN,0.4,s3:loop_pattern_ambiguous,Class02:GasException,22759,True
938689261df7f697bb2e7e25be4b5b7aeb78acbdeaaee2469d891fa3be582aa1,UNCERTAIN,0.4,s3:loop_pattern_ambiguous,Class02:GasException,12535,True
935e79885753536e3c11747f59505359fc05185e65ee178dd43280f42f84ddcc,UNCERTAIN,0.4,s3:loop_pattern_ambiguous,Class02:GasException,26022,True
93b3f3f45bf30a6f80cab01d8558ca13446ac7061bdb1ba0c65bdb63b624589a,UNCERTAIN,0.4,s3:loop_pattern_ambiguous,Class02:GasException,7326,True
941bc45062884f6d87467d3d8d0dbceeb085c3b4c1263f344b84791a161171d1,UNCERTAIN,0.4,s3:loop_pattern_ambiguous,Class02:GasException,17571,True
94fd03b155a28e4d36af2018b2507b6843937af4300b58f7822d78d92d660353,UNCERTAIN,0.4,s3:loop_pattern_ambiguous,Class02:GasException,20463,True
96d12388e2715eca7a1464a3c7f79c1b6338c3b1180e55407f109b4d58d60339,UNCERTAIN,0.4,s3:loop_pattern_ambiguous,Class02:GasException,11075,True
9805f31486224f0cbdfe0bdcf1e3225e263f46f928f7715a69b672f358874395,UNCERTAIN,0.4,s3:loop_pattern_ambiguous,Class02:GasException,15449,True
98ce8edf483c42d8215649232cf96f35ce16e837c1dbf3bc5dae459ad3adc814,UNCERTAIN,0.4,s3:loop_pattern_ambiguous,Class02:GasException,12695,True
9916564effdc3a0cbce65e9fd0e1aa36ce19c5e7c1b432dc99cb48628f77d481,UNCERTAIN,0.4,s3:loop_pattern_ambiguous,Class02:GasException,18113,True
9ace74964d5fce02b6679ddd6f799aef19ac8177b133332ca64a67734d5e7cdf,UNCERTAIN,0.4,s3:loop_pattern_ambiguous,Class02:GasException,25076,True
9baa3e933187ce4204083abc22b74fa8440b4acc3911bc5dcd423322772da659,UNCERTAIN,0.4,s3:loop_pattern_ambiguous,Class02:GasException,30170,True
9c3825b649700b7bab70df34e515bb0d6a88ee189d78fcae687dbd7f0f5c6fe4,UNCERTAIN,0.4,s3:loop_pattern_ambiguous,Class02:GasException,37755,True
9c5ce05a02bf37eec1a89fe512044f57665053bcad746ed3f7556c75f2671287,UNCERTAIN,0.4,s3:loop_pattern_ambiguous,Class02:GasException,25229,True
9d9658c43c482b2206b3bf33a12b7eb841f69247168d6daa442f7dd3bbf744bb,UNCERTAIN,0.4,s3:loop_pattern_ambiguous,Class02:GasException,20116,True
9de0984bdd765aff975c8bbdbd964aeb22daf1a356de6a84ab7cf1abdd24b4c5,UNCERTAIN,0.4,s3:loop_pattern_ambiguous,Class02:GasException,7009,True
9e10d7cc75c3c6b289a4ec163dd498ed8be0be9cbafaf0aa8a6c2ca0f69029f4,UNCERTAIN,0.4,s3:loop_pattern_ambiguous,Class02:GasException,13393,True
9ea31b7eb813fd3f1321a2eb35cf92937551970f7d3c2e233df2fe7645a86ead,UNCERTAIN,0.4,s3:loop_pattern_ambiguous,Class02:GasException,24251,True
9fb4df2bd0602ff70e69218f629f89ccdf30a897a05a098af4dde86fab40c227,UNCERTAIN,0.4,s3:loop_pattern_ambiguous,Class02:GasException,14398,True
a097876bee79d3889ad2523d7832124560033be68a104e988156829c47b94075,UNCERTAIN,0.4,s3:loop_pattern_ambiguous,Class02:GasException,67960,True
a085f6c19748c2ae4d9aedb5ac011b853c4d28e9603fe33baaf49182bf87ffb5,UNCERTAIN,0.4,s3:loop_pattern_ambiguous,Class02:GasException,3843,True
a13646f473d0e436b01c24aa74318c7a299749b20761d429d18f67c2f0d465d8,UNCERTAIN,0.45,s3:gas_limit_set_manually,Class02:GasException,29665,True
a1b7ec374411453e2afbca2d2aacb4020bb0b7a99e74f671569047502f49a3c9,UNCERTAIN,0.4,s3:loop_pattern_ambiguous,Class02:GasException,8350,True
a2037b3f213e00bbb84ac02b571f2701843cb6981854949f477de0a0b983a868,UNCERTAIN,0.4,s3:loop_pattern_ambiguous,Class02:GasException,24488,True
a2f01e071b07d6aa2fcda39b5e40271148d266ab0e3ceaead6da7ebffc97df07,UNCERTAIN,0.4,s3:loop_pattern_ambiguous,Class02:GasException,10158,True
a2e3741cafe304153379211dbefa30e394e10f4cacf34a5c5a32a69aa301631b,UNCERTAIN,0.4,s3:loop_pattern_ambiguous,Class02:GasException,6569,True
a2d0ab13b4c350afc8c5d066cb31afe5f33aaf332103b953c5c3d0afed9095b9,UNCERTAIN,0.4,s3:loop_pattern_ambiguous,Class02:GasException,30938,True
a3b291dd1583f35be89fc551f3f9e24afaa8ff68fe1b5c0dfb452b4572e44e93,UNCERTAIN,0.4,s3:loop_pattern_ambiguous,Class02:GasException,13621,True
a3fac63f37a45e0459e8c06c19f8d066527073b898d21abe1502bd7d0b399e70,UNCERTAIN,0.4,s3:loop_pattern_ambiguous,Class02:GasException,11545,True
a4642f5af9fb40c7d5d0acb88d9863f5be4a39d118cdceea01fa045f02c7856e,UNCERTAIN,0.4,s3:loop_pattern_ambiguous,Class02:GasException,67633,True
a49859049ff0f9018a4ee482b116a051a2b86f1774adc31356db7ba701d20a51,UNCERTAIN,0.4,s3:loop_pattern_ambiguous,Class02:GasException,35088,True
a472e260d680631bbcbf62d80b5e644a8cc5711cc7c7b046fed8038b1aa2bc8e,UNCERTAIN,0.4,s3:loop_pattern_ambiguous,Class02:GasException,10295,True
a5817d6ac809511669cf26adc94a03bd4f1fc5ae1cf1244398c83fbac3160457,UNCERTAIN,0.4,s3:loop_pattern_ambiguous,Class02:GasException,19432,True
a62ec06ae63ad057805dd293ecd322e7e0960df0f3bc036c0a625a295b19d53f,UNCERTAIN,0.4,s3:loop_pattern_ambiguous,Class02:GasException,12594,True
a5c888f450c06285fcd7d21398d2dc6b848ef18bc711aa9257b8c1c3c1b5813c,UNCERTAIN,0.4,s3:loop_pattern_ambiguous,Class02:GasException,7941,True
a666577e2751dc9069209d85f71d6235ddd639b47e0534642c9bdd2fe33b9586,UNCERTAIN,0.4,s3:loop_pattern_ambiguous,Class02:GasException,7184,True
a670ddd6237faa68588b1e12201441ba80d68bf05cd458d82a6c82152b16aaac,UNCERTAIN,0.4,s3:loop_pattern_ambiguous,Class02:GasException,12174,True
a82addc171240f639dfd3df0d1baf3566fa4064dc23417c6fcb51b3345de2d08,UNCERTAIN,0.4,s3:loop_pattern_ambiguous,Class02:GasException,8050,True
aa33ce23221aa05a031ee0b448a6af365361d776eb819946c6ccd76fe2821f04,UNCERTAIN,0.4,s3:loop_pattern_ambiguous,Class02:GasException,17571,True
aaa9b2d93772acb1eb43d8a7777c57156e332f43423aa65807f8ae9483bf6332,UNCERTAIN,0.4,s3:loop_pattern_ambiguous,Class02:GasException,9141,True
ab1bd0dac7dc40290d689c5aa4e533ed1b06c8c2e5272e1eeca9288a921ae20e,UNCERTAIN,0.45,s3:gas_limit_set_manually,Class02:GasException,30482,True
ac0c543a1903fa2966a1df27942a9bc67cb8d7764339e43af8fb1597e9689747,UNCERTAIN,0.4,s3:loop_pattern_ambiguous,Class02:GasException,64872,True
ad6d14fb01ec7d8f3827e0f35a743c555f1ca7271901a2fabda7888bbdf32666,UNCERTAIN,0.4,s3:loop_pattern_ambiguous,Class02:GasException,10589,True
af4c2da03eeeef750e0345356c902dd67fbe6e805c930c9c27b7cc59865bd922,UNCERTAIN,0.4,s3:loop_pattern_ambiguous,Class02:GasException,12516,True
af5d74ad0684f1aeba81787edee0b242c1422997e96ce4fb758287422bca576b,UNCERTAIN,0.4,s3:loop_pattern_ambiguous,Class02:GasException,11499,True
afbc13f36644f8b13f0f9dceb7ebd76407e9b079328ec4177b1368666ccb5fb0,UNCERTAIN,0.4,s3:loop_pattern_ambiguous,Class02:GasException,17210,True
b2ab734387def7152bbedf4d06fb5e7c6a0dc69c1899724fb5be62356694de22,UNCERTAIN,0.4,s3:loop_pattern_ambiguous,Class02:GasException,2782,True
b37bf03e26c5619eafb6c8dfb34a7c6a9a140ae4c0e4adf1b470bf0d05db6e75,UNCERTAIN,0.4,s3:loop_pattern_ambiguous,Class02:GasException,10084,True
b633e68f36a0e39d85964c596e9d136208ae72100e9e56e41915deaffdbc8b09,UNCERTAIN,0.45,s3:gas_limit_set_manually,Class02:GasException,32986,True
b806536f43814ec7c9be67acec326b9752dc9552bc0fffb1002a506c988b2731,UNCERTAIN,0.4,s3:loop_pattern_ambiguous,Class02:GasException,2022,True
b8886cfce0d2394c245ccb743bb1c3e852a76122f1be2d8ed304c9c8fb55cd2b,UNCERTAIN,0.4,s3:loop_pattern_ambiguous,Class02:GasException,8347,True
bb25376cce9f9a7db27953617c638e22a21ec94f01b968c132a80e2e54602359,UNCERTAIN,0.4,s3:loop_pattern_ambiguous,Class02:GasException,60034,True
bed2ec4790a01ea91922b2730b17e35f37719563ab84e844fb73033b73c3969c,UNCERTAIN,0.4,s3:loop_pattern_ambiguous,Class02:GasException,27162,True
c0a1f14f9b0297a001f85b41e56fc9a2539a91d95b1f87f4c3c0b6ab0d96e367,UNCERTAIN,0.4,s3:loop_pattern_ambiguous,Class02:GasException,14743,True
c11681b651548948e89df404d4d6d8b143da60a84f5a7cd15cf504d568c8033e,UNCERTAIN,0.4,s3:loop_pattern_ambiguous,Class02:GasException,12173,True
c1596bdf6dbd67fe4d39094a497608ecf6ecce122ffd4d48d0cd7d57b00f4d0f,UNCERTAIN,0.4,s3:loop_pattern_ambiguous,Class02:GasException,30130,True
c1238590986d87edd571a609e84fbdb9375885a0c0907ededdb7e3628d1318c0,UNCERTAIN,0.4,s3:loop_pattern_ambiguous,Class02:GasException,33953,True
c2a644c577f65eec4f2eb7f366a7f9ca10f464b63c83f6b44e84803364f85820,UNCERTAIN,0.4,s3:loop_pattern_ambiguous,Class02:GasException,9214,True
c3ac9f589ab22782a2128294b0c149bab4db7990548b1a30dd37ffc24d765274,UNCERTAIN,0.4,s3:loop_pattern_ambiguous,Class02:GasException,12584,True
c49cd724b6e9c3512ad8181ddd89a3ee27290cb314dcb8c8b22cef552fb76f04,UNCERTAIN,0.4,s3:loop_pattern_ambiguous,Class02:GasException,5142,True
c531d7f54f7e98b9178531274da653e1050b81b4559c4adfa9cfbdec0d7d92d0,UNCERTAIN,0.4,s3:loop_pattern_ambiguous,Class02:GasException,28169,True
c7f5a3822cd6d6fe41667206fc8f481c5f172217ba0cb690ace48067f891b452,UNCERTAIN,0.4,s3:loop_pattern_ambiguous,Class02:GasException,21619,True
c7d871b1d4f67cc0074a08ae5368952c1d82552ebe0e032d754431e3447f52fe,UNCERTAIN,0.4,s3:loop_pattern_ambiguous,Class02:GasException,5338,True
c8e9b0d09db50e5fabbb68610aeccccad372db03a9b518d62d2707baa72f2534,UNCERTAIN,0.4,s3:loop_pattern_ambiguous,Class02:GasException,999,True
c9bb05b1a1e8f35273df6da3e40a0280fe4651fe448c06423c036f89f97e8131,UNCERTAIN,0.4,s3:loop_pattern_ambiguous,Class02:GasException,28789,True
c9dc524ad2512f26f386458d1b0dc82aa46e16b66c623328ad5d7b01b3b5a6cb,UNCERTAIN,0.4,s3:loop_pattern_ambiguous,Class02:GasException,15608,True
ca087ed2c0b4dadb82acbb5f756fa867aba467dde49d174d3d07fb96e4d2b193,UNCERTAIN,0.4,s3:loop_pattern_ambiguous,Class02:GasException,13339,True
ca457170ebad6d80cfd3979ae80445313542ee95cf4302240dd433b8a94f345f,UNCERTAIN,0.4,s3:loop_pattern_ambiguous,Class02:GasException,18066,True
ca94dd48a964d9ccc9270a25e086a47dab4f46d27bf4a734b2a534604546c9e7,UNCERTAIN,0.4,s3:loop_pattern_ambiguous,Class02:GasException,11456,True
cb5cdab0c2ab2381924cd6a718075ece2e36ff3dd048fc5d3c7185883c22abb3,UNCERTAIN,0.4,s3:loop_pattern_ambiguous,Class02:GasException,17822,True
cd1ed988f6be7776e3f77dea97f377674f8e9bbb791267dbe0dc8a9459844e04,UNCERTAIN,0.4,s3:loop_pattern_ambiguous,Class02:GasException,6676,True
ce1709c5df7dfb8098d7be419633cd37f21965b3e9aa92e91806b6b0c493f0fb,UNCERTAIN,0.4,s3:loop_pattern_ambiguous,Class02:GasException,22254,True
cde13aacc63ad10557f073f6a1bc870ba7b8e779bdb1327b9b1938315531dbc4,UNCERTAIN,0.4,s3:loop_pattern_ambiguous,Class02:GasException,6771,True
ce45aaea9aaa9e849cfba50f71fab957febc6b43af9e96be120bfbf016ac7247,UNCERTAIN,0.4,s3:loop_pattern_ambiguous,Class02:GasException,4806,True
ce66774c5a0c5c7fd6f848aecd66107224f4e9788f23f33072cb37f2513c465d,UNCERTAIN,0.4,s3:loop_pattern_ambiguous,Class02:GasException,15899,True
d039a116975630c6b64c90898349724279b709b1922974fb7022d3105dd62ed7,UNCERTAIN,0.4,s3:loop_pattern_ambiguous,Class02:GasException,17570,True
d2115e6c0d83fa092eb09e4b4aba0232d5074d9fe9802a4c47bdd7965d08c45f,UNCERTAIN,0.4,s3:loop_pattern_ambiguous,Class02:GasException,12621,True
d2aafb01b0ea5b92d6c375a024f9f44af827c51bd633a39bfbd260cc6a1d5ea5,UNCERTAIN,0.4,s3:loop_pattern_ambiguous,Class02:GasException,82762,True
d309c5259ddd7c6fcd9daef65c2ec1c1285cbbb7d3d62653257ef2fd5495dcfc,UNCERTAIN,0.4,s3:loop_pattern_ambiguous,Class02:GasException,16520,True
d55210b87efcf6a8857f273dae9a52044d32720bb135005e569f3e896897128a,UNCERTAIN,0.4,s3:loop_pattern_ambiguous,Class02:GasException,16266,True
d626428ad003ef937081d95d77722759fe2b742316f19da70e93a2d445f2698e,UNCERTAIN,0.4,s3:loop_pattern_ambiguous,Class02:GasException,77148,True
d898d912c6307eebfc7a0364114bac3b329f1eb362dd5b0a2c09e75a23db0aab,UNCERTAIN,0.4,s3:loop_pattern_ambiguous,Class02:GasException,10596,True
d95a448a5f57db8b39a2e9bffaaff9ede3eeafcd64da67c7827665a22cb6133b,UNCERTAIN,0.4,s3:loop_pattern_ambiguous,Class02:GasException,11318,True
da248056614053c4a31ca16a9dfd1f835530419de05fbac584c02d4b4ef5d4ca,UNCERTAIN,0.4,s3:loop_pattern_ambiguous,Class02:GasException,33208,True
da842a1f0ac564ed04386f485c41d0283358873a2a60eb544e8d49c54de8eca5,UNCERTAIN,0.4,s3:loop_pattern_ambiguous,Class02:GasException,19624,True
daeff33d91b1e4bce082a91e5cb49570a07c5117ce79b9e80f2687cb4e9bd88e,UNCERTAIN,0.4,s3:loop_pattern_ambiguous,Class02:GasException,10015,True
dc178e7f0c444bdfb5587dbb880b8a61f3802f66a9cfba3ab27f9b6ae1e1c584,UNCERTAIN,0.4,s3:loop_pattern_ambiguous,Class02:GasException,25195,True
dc9c5e3daa8b44ff2a4d806c142e76ea622f1fd0dc6e195b74971140a16d0076,UNCERTAIN,0.4,s3:loop_pattern_ambiguous,Class02:GasException,35227,True
dcc0dbcfb925aebc42803ff6844085a7b331e30ab1019e619df55114cd8d4db5,UNCERTAIN,0.4,s3:loop_pattern_ambiguous,Class02:GasException,14349,True
de5852683c9f7e1e1a5bd657c066333741c023606a8d8c8aa7f6bf3ba5b69b3f,UNCERTAIN,0.4,s3:loop_pattern_ambiguous,Class02:GasException,17143,True
decdcbb99c6c330f025e099ed583a152eeb0711120bcfe177b886baf77864005,UNCERTAIN,0.4,s3:loop_pattern_ambiguous,Class02:GasException,13315,True
df13648ebb7a0388653c31707ddd8706eb92ef6a1fae6f1b672b3ff22eb1538c,UNCERTAIN,0.4,s3:loop_pattern_ambiguous,Class02:GasException,25429,True
df577d8d97c71f532932df13133b12765a5090b90be19f33b52a2c2cc376c88f,UNCERTAIN,0.4,s3:loop_pattern_ambiguous,Class02:GasException,28711,True
e14b0c63e7badd2f65f7c2d1df4de1ed235699eebed32d49b65d1f4046b9dfb3,UNCERTAIN,0.4,s3:loop_pattern_ambiguous,Class02:GasException,11549,True
e452648ac5f2c866e7fdc857a9506973504889875f297abb6d8ae3178e72c7bc,UNCERTAIN,0.4,s3:loop_pattern_ambiguous,Class02:GasException,38870,True
e6f859d2a9308648ac5cc3f6eb88294fa90b2e3b5bcec1f12287ee7c307c5caf,UNCERTAIN,0.4,s3:loop_pattern_ambiguous,Class02:GasException,43988,True
e90e261e157500720723af9cefc7adc2fa7f48febc444af78693dccfe5cfd376,UNCERTAIN,0.4,s3:loop_pattern_ambiguous,Class02:GasException,5043,True
e996a902af87b6d40208d78b8bd517f691f6170de7ef46934d3a9d7728df03d5,UNCERTAIN,0.4,s3:loop_pattern_ambiguous,Class02:GasException,21334,True
ea323f59b00e845f66b818746f8bf162680db4ae608aef81297e0daa53d100f9,UNCERTAIN,0.4,s3:loop_pattern_ambiguous,Class02:GasException,27547,True
ea79153203f37b6ce0496448d4f486da40eee24c693931bce930b60f9b07c404,UNCERTAIN,0.4,s3:loop_pattern_ambiguous,Class02:GasException,30170,True
eccc72349bd264589de3b72fdddd4d0bc979eb9d0a36ab3c70aa272a87cb1742,UNCERTAIN,0.4,s3:loop_pattern_ambiguous,Class02:GasException,12634,True
ecc1455cedcda2d5bd791e974497551835cfc75330fbff140be82a7e34447551,UNCERTAIN,0.4,s3:loop_pattern_ambiguous,Class02:GasException,8800,True
ed7598228fa7035ed91b112944365fb492be0e1722bdd62b052cee1391324ad0,UNCERTAIN,0.4,s3:loop_pattern_ambiguous,Class02:GasException,11588,True
ed86cc2604a48daf03287cdb3b28f6782456158f4b8fc9e9ba6ae67cb68ad534,UNCERTAIN,0.4,s3:loop_pattern_ambiguous,Class02:GasException,13325,True
ee9505dd15cf853b5b2831d75a8b5c1c45484af8816d6af848c6fb1a65253177,UNCERTAIN,0.4,s3:loop_pattern_ambiguous,Class02:GasException,5907,True
eeb6e19a145b21ae094688c1a2a6d83ba29dbdbb3126620b1a4a1b4f931883e0,UNCERTAIN,0.4,s3:loop_pattern_ambiguous,Class02:GasException,9555,True
ef3fe2d76795f3e3858893fcb00f60aae9cc40bb6384e01e640033d61caeecaf,UNCERTAIN,0.4,s3:loop_pattern_ambiguous,Class02:GasException,11585,True
ef0233491bc1f3a6a6df815358df6ea36a3762fd535e485c38546d84db9c0f28,UNCERTAIN,0.4,s3:loop_pattern_ambiguous,Class02:GasException,7180,True
f15ff235d995625ff53ba59011d317f4243db11328deef426ef0e3eb6cccc7e7,UNCERTAIN,0.4,s3:loop_pattern_ambiguous,Class02:GasException,9009,True
f331dc68857814464ed9103a22428bb5f88abe0cd2c3721859bd1b20c9b09d76,UNCERTAIN,0.4,s3:loop_pattern_ambiguous,Class02:GasException,21548,True
f495d2dc0c379ef83df066c3f92bffe8383c9e98f2495df48a147a612495984e,UNCERTAIN,0.4,s3:loop_pattern_ambiguous,Class02:GasException,7581,True
f4f4d071e045c91c24069fe077c25c96f600d3a3064e68956938207ac66d420b,UNCERTAIN,0.4,s3:loop_pattern_ambiguous,Class02:GasException,11586,True
f51a6dbe29b525ed54fdbafcd241be2ad3aac72ecbb8cb044b9ebf8c1b25c12f,UNCERTAIN,0.4,s3:loop_pattern_ambiguous,Class02:GasException,29003,True
f56bf61929be0750f308c5666c4b5dffe0c073ed982d7c7e2dd833d12054ccdf,UNCERTAIN,0.4,s3:loop_pattern_ambiguous,Class02:GasException,15796,True
f601efd735244ad5a05d1e9372c576be4e70d5ad5d1b58291ae2f2424828c313,UNCERTAIN,0.4,s3:loop_pattern_ambiguous,Class02:GasException,10850,True
f621ad7d1dd687212168db775c4bccf8231753dcc4e18f20038fb06abae734ae,UNCERTAIN,0.4,s3:loop_pattern_ambiguous,Class02:GasException,13790,True
f71e83e8c82d7fc992bf93d3edae57b408eefa6fd6a89946e2cf6253a8fbd1dd,UNCERTAIN,0.4,s3:loop_pattern_ambiguous,Class02:GasException,10849,True
f6db711df846f302ccc1b26a620f203eeb3e689797d83fa46f15ad5b86cd7a67,UNCERTAIN,0.4,s3:loop_pattern_ambiguous,Class02:GasException,23260,True
f7731b522e041ba1d6ca1ec9ae8bed28b25fc255d12cecd48562b18e3513458b,UNCERTAIN,0.4,s3:loop_pattern_ambiguous,Class02:GasException,24217,True
f7cf61373afbd411b078d5f202eaed47b9fbf900c2af3937a70f994fbab6aff7,UNCERTAIN,0.4,s3:loop_pattern_ambiguous,Class02:GasException,54813,True
f9290a7898830dded5edb546cf3be70d3d802b6435117bcd7bb7542aa8a5337c,UNCERTAIN,0.4,s3:loop_pattern_ambiguous,Class02:GasException,21477,True
f955c2279487e2627c998e8dcbd34ec9ca3272bcdec8c0bd815f7d80f3fb4f8b,UNCERTAIN,0.4,s3:loop_pattern_ambiguous,Class02:GasException,5391,True
fa057eee939d16105d86f4e714e067a2d9521ff3c6a503055571c1c3b1dc6c3f,UNCERTAIN,0.4,s3:loop_pattern_ambiguous,Class02:GasException,108747,True
faed5eeb2cf5e130fa05fbd2590bd9ad4a0efc3a240b78c14b1d70299b17f016,UNCERTAIN,0.4,s3:loop_pattern_ambiguous,Class02:GasException,30109,True
fcb57fbd12625a8f1b7134bd709f9b64a1fae52112915c08efa8d5b05e831cea,UNCERTAIN,0.4,s3:loop_pattern_ambiguous,Class02:GasException,23016,True
fe20fb0544a063d52042bb3f489cb7736fefa31503a1846dbb1d5d2648da3d50,UNCERTAIN,0.4,s3:loop_pattern_ambiguous,Class02:GasException,19095,True
fe78951513835d96723520896469f66b63aff2fb8e82b96bc33f4d1b622a35db,UNCERTAIN,0.4,s3:loop_pattern_ambiguous,Class02:GasException,11630,True
fe21072ee55fa0df077e84bf52dda7d533452ce7f22262dd576d1d536be8313f,UNCERTAIN,0.4,s3:loop_pattern_ambiguous,Class02:GasException,13451,True
ff192a2efb18d153f7753fb7274b657c7e92835cf011e48e7d8b17e1588b60d0,UNCERTAIN,0.4,s3:loop_pattern_ambiguous,Class02:GasException,30173,True
