id,verdict,confidence,notes,src_len,path_ok,class
005a500d9576b67d7fe60b101a0559cff5ce971898d7f0bf5b548421923c1622,UNCERTAIN,0.5,extbug_pattern_unconfirmed,16016,True,Class01:ExternalBug
021a1be8fae88bba375c5d6adf14c4319d3f94ff26e37c3a1dd15c0db312aa60,UNCERTAIN,0.5,extbug_pattern_unconfirmed,14174,True,Class01:ExternalBug
02061d0a260cf4289c62a95a65c06b38b58bc362a45d1b04fd3e88a1487e8379,UNCERTAIN,0.5,extbug_pattern_unconfirmed,5369,True,Class01:ExternalBug
0371ff4d1edb3990ad1105ecb46b02ac302e4485dac48228ce42d5c303d933e1,UNCERTAIN,0.5,extbug_pattern_unconfirmed,27275,True,Class01:ExternalBug
03374e984b2f89d8accb983c044c8eee8c8e63b776d02fbd3373df6536ead97b,UNCERTAIN,0.5,extbug_pattern_unconfirmed,14135,True,Class01:ExternalBug
02962c494fba364b11f5c5ecf30b07d0ea46612969a8a41938b9562463724cdc,UNCERTAIN,0.5,extbug_pattern_unconfirmed,9419,True,Class01:ExternalBug
04405b3efcc0a673e0794f14b785d37a1611c5274ff02a9f355c8c8114757983,UNCERTAIN,0.5,extbug_pattern_unconfirmed,53281,True,Class01:ExternalBug
056c015b4a00ca35949aa21ac849dadde9dd2d992028e819dd0932eb258cfd2e,UNCERTAIN,0.5,extbug_pattern_unconfirmed,70479,True,Class01:ExternalBug
0523ce4be50fc78e1dc9c3c56f0caa300b779361342e89073f28415c763f596d,UNCERTAIN,0.5,extbug_pattern_unconfirmed,10653,True,Class01:ExternalBug
0622bde9ae827efc8de2de8f0dbec7de4c805eba2ac93256777d5a12b01210fd,UNCERTAIN,0.5,extbug_pattern_unconfirmed,14829,True,Class01:ExternalBug
0639d447da9a0d8235da8ec3902ed6cf44785fbef5092cfe5c54ce19a3e90066,UNCERTAIN,0.5,extbug_pattern_unconfirmed,103454,True,Class01:ExternalBug
06ec19b84e529bbd6d94c1c249d4e2feaffae9cb530545ae656c95e0aba57674,UNCERTAIN,0.5,extbug_pattern_unconfirmed,14129,True,Class01:ExternalBug
0788efc20c8e144e36954a64fe2f98a9437b40ef62be460087421d45108664d9,UNCERTAIN,0.5,extbug_pattern_unconfirmed,111604,True,Class01:ExternalBug
079e301b4d28b789f58ac8eb1fc0dff513f563b2c602f6f79235e8ddf26c193a,UNCERTAIN,0.5,extbug_pattern_unconfirmed,37782,True,Class01:ExternalBug
0ac849e5c5984a7ec8dc43698b6ac1251eb8a97288d2ab8d1651dce69bb173ad,UNCERTAIN,0.5,extbug_pattern_unconfirmed,1129,True,Class01:ExternalBug
0bd2874582ea25ad7e03876c4925ab4b5fb9f1a9f1a74c6dfc2a095ec86bba58,UNCERTAIN,0.5,extbug_pattern_unconfirmed,23859,True,Class01:ExternalBug
0ba35698c697c29efc30901209cb021f6475ae27cb55a0b649a0b5640fb858e0,UNCERTAIN,0.5,extbug_pattern_unconfirmed,36458,True,Class01:ExternalBug
0cb797570341bd46aa01c6264f544bb1d19872b985026fb70a325d252b172e8d,UNCERTAIN,0.5,extbug_pattern_unconfirmed,1136,True,Class01:ExternalBug
0d4d3859e7dc40d96fd497d3f45364ecfd33a84a5f1b1cae453662e02833fa86,UNCERTAIN,0.5,extbug_pattern_unconfirmed,63116,True,Class01:ExternalBug
0e770a655889391f9b8472e0369ae401e2d19636d03eace027ac73a7da127e1f,UNCERTAIN,0.5,extbug_pattern_unconfirmed,123417,True,Class01:ExternalBug
0e6fa7e36923926dad4535de0bc2af7c2fbfe5e2696c05b90a5b582f15ab911d,UNCERTAIN,0.5,extbug_pattern_unconfirmed,83974,True,Class01:ExternalBug
0e929701d80f9c6705365f82167f039e3721b360501bcfc854d71adfc9836669,UNCERTAIN,0.5,extbug_pattern_unconfirmed,20884,True,Class01:ExternalBug
10a66351c764187f4495a9638059bf9bc4673a8043ba01d7df4b51d98e8ebb71,UNCERTAIN,0.5,extbug_pattern_unconfirmed,1184,True,Class01:ExternalBug
108ad25447babca44eb96fa8915333a833c2473d635793e705d2fbd6c7c300b0,UNCERTAIN,0.5,extbug_pattern_unconfirmed,24491,True,Class01:ExternalBug
10a9bcf938377b634fb1395c565e0d88dec7a2d5f75fb898573ef96ec9cdb6e1,UNCERTAIN,0.5,extbug_pattern_unconfirmed,33802,True,Class01:ExternalBug
129965125486378ec5aa410ea489a31040b29f7216c739359e1276746e35ac25,UNCERTAIN,0.5,extbug_pattern_unconfirmed,44353,True,Class01:ExternalBug
13b8767e309e16a4a3dba44c26f30ca8f0a41a81d00b15629f6d2beca92a3ba4,UNCERTAIN,0.5,extbug_pattern_unconfirmed,10439,True,Class01:ExternalBug
13bb90e7ac72a807096efebbd95bc3cbf53b1cd81b9213f7ed25d16ee0a90b9c,UNCERTAIN,0.5,extbug_pattern_unconfirmed,58076,True,Class01:ExternalBug
13cabfc5d4125dd1ecf462850c12f200abdb555cadd17b3e134a490bb7fc36f0,UNCERTAIN,0.5,extbug_pattern_unconfirmed,7945,True,Class01:ExternalBug
14d961de2c094bbbbd8c9c064f9a0fcc8ac4ae8036403201120b5df4f9759f3d,UNCERTAIN,0.5,extbug_pattern_unconfirmed,104215,True,Class01:ExternalBug
15898df99aafbc289d2a97139e3f335ebfb3be378ea544ec253db1e53d86fb56,UNCERTAIN,0.5,extbug_pattern_unconfirmed,27449,True,Class01:ExternalBug
168eec17d59fb544044896521487418ae7ba2740379205abc6eb96348bb3949b,UNCERTAIN,0.5,extbug_pattern_unconfirmed,18318,True,Class01:ExternalBug
16ccff46ad1f9c8118c78a0b7e8fb5bbb3729cf77ef99d0605e8386b691e5b9e,UNCERTAIN,0.5,extbug_pattern_unconfirmed,17713,True,Class01:ExternalBug
16ea98ff490dcf242780206408bd3d80e79e4493685b5c6a133c96094cfa647a,UNCERTAIN,0.5,extbug_pattern_unconfirmed,58495,True,Class01:ExternalBug
17031e83e7fb642dbb8d18a41de8d9fbb6900a92b3340e0304eb11ef3855a0c1,UNCERTAIN,0.5,extbug_pattern_unconfirmed,1322,True,Class01:ExternalBug
16eb3034611e931974355d149f222f995ded1eb0f40fdc8021fe5d15b42549b8,UNCERTAIN,0.5,extbug_pattern_unconfirmed,28928,True,Class01:ExternalBug
171e846d6ffe4bd748c25d941b90f512e26ee0416a1a24b2805f4af2470c8a59,UNCERTAIN,0.5,extbug_pattern_unconfirmed,201903,True,Class01:ExternalBug
176f5db0fe5439293feacc2fdcc359343995d3fe4d551d8516f2e78493cc909e,UNCERTAIN,0.5,extbug_pattern_unconfirmed,1185,True,Class01:ExternalBug
186652bc076a269bea6842ec8420f28241323d607db7bf0b5be93bfadf2a4f0c,UNCERTAIN,0.5,extbug_pattern_unconfirmed,945,True,Class01:ExternalBug
182c782d1a587f2460c74aa1a09fa44ab53641ed59b88268d4e6d1e43382d521,UNCERTAIN,0.5,extbug_pattern_unconfirmed,16209,True,Class01:ExternalBug
18ef34f44b45a0c2288a989be1cadb86eee940fe7559f4715319aed9b8dfbe2d,UNCERTAIN,0.5,extbug_pattern_unconfirmed,7594,True,Class01:ExternalBug
1b622301d849bf91dafbe52c408955a6e90828d2779d3d891150ffff24e80486,UNCERTAIN,0.5,extbug_pattern_unconfirmed,28188,True,Class01:ExternalBug
1ba2a4c2b7df8379ea2908d25970dcdaaf8fbd378bda0b7807acbb2f77b233a5,UNCERTAIN,0.5,extbug_pattern_unconfirmed,1051,True,Class01:ExternalBug
1f71a461820e9ce08efed123a8d3f338e6ce2bd48ef8b4db8c1b6bdc8e35891e,UNCERTAIN,0.5,extbug_pattern_unconfirmed,6031,True,Class01:ExternalBug
2222861ec18e2b6ad49173cf8ced7547494f48dd65d3fa3694a6d188a20fe6c9,UNCERTAIN,0.5,extbug_pattern_unconfirmed,12394,True,Class01:ExternalBug
23f8380f6a938e0c04982e40668b4d013178f21afd8c8d2feb29ff2a22f3895f,UNCERTAIN,0.5,extbug_pattern_unconfirmed,5588,True,Class01:ExternalBug
2478c407e8a04a61bfa19e9c61b63fa37fe10d87ae29b24e920d316c101db6fe,UNCERTAIN,0.5,extbug_pattern_unconfirmed,8940,True,Class01:ExternalBug
250fdda5b1f6b46d5be4af085731e4e743733aab30ee1bc928dd0cb5d3c4df44,UNCERTAIN,0.5,extbug_pattern_unconfirmed,77620,True,Class01:ExternalBug
2559261f07348bd5fd466f6aab84d9bd596857bf52670b2c6e6a13c8b0006288,UNCERTAIN,0.5,extbug_pattern_unconfirmed,105970,True,Class01:ExternalBug
2659b88ff72263bfd981511c3341d8a4b9cd0bacfd3d28945b280b4799d49eb4,UNCERTAIN,0.5,extbug_pattern_unconfirmed,1183,True,Class01:ExternalBug
267170fa77854f64e9649a7ffeb00e0a8914e6f1b5930ec36db62a53fb43eb5b,UNCERTAIN,0.5,extbug_pattern_unconfirmed,57451,True,Class01:ExternalBug
29ded57770f87e53ce005c64ed7e364ba3529586a5bdb5bec3d6391b358404e7,UNCERTAIN,0.5,extbug_pattern_unconfirmed,5924,True,Class01:ExternalBug
2ac0edc6b624edea1833d247cf6e12598bca728fcc4994208ee17c4ad946564a,UNCERTAIN,0.5,extbug_pattern_unconfirmed,21008,True,Class01:ExternalBug
2bc4f6e4731eb2f8b6fb72329ab2e53ca459e0efb14f46bb9a2090b6a83ae357,UNCERTAIN,0.5,extbug_pattern_unconfirmed,1133,True,Class01:ExternalBug
2c7e26830ec7b8c08563be6ef14c8d43043196751a23676e0b8eec3b02f70997,UNCERTAIN,0.5,extbug_pattern_unconfirmed,422,True,Class01:ExternalBug
2d43cdc82fa4827faebc06b4d6aa8fa8843e3a1aa553f77e981d235a9245acfa,UNCERTAIN,0.5,extbug_pattern_unconfirmed,344163,True,Class01:ExternalBug
2dfb8bb4e609df4bcd0cca0b6725e0c57a97a069e6aa3efe1e2985279919bfc0,UNCERTAIN,0.5,extbug_pattern_unconfirmed,58902,True,Class01:ExternalBug
2fbf33f1ef37d7c0e85274d4ab19ae825ed46473a1099def20e7222293254744,UNCERTAIN,0.5,extbug_pattern_unconfirmed,35364,True,Class01:ExternalBug
3146a2d9998b692ba564b760997c21f8785e655c2d38e8fcc84d7e427709bc4c,UNCERTAIN,0.5,extbug_pattern_unconfirmed,42033,True,Class01:ExternalBug
326b4e1329fd4c4ccefc8c0dee183a2e7f68d89a5f4a48f4f0242666c4e23da7,UNCERTAIN,0.5,extbug_pattern_unconfirmed,18917,True,Class01:ExternalBug
336b7a49c0d8cd28eaaa6eb731cf668c1b2c2d87755b847c78d822385f5318cc,UNCERTAIN,0.5,extbug_pattern_unconfirmed,1134,True,Class01:ExternalBug
33f7a3238237c9e239e8e5b638831768f10502bd0a52dde3e79dbcd12a6311a3,UNCERTAIN,0.5,extbug_pattern_unconfirmed,2642,True,Class01:ExternalBug
349576a7048662563fb94a2228e9eb0afa5e49abf2f27458ca27f19bb2b3b12b,UNCERTAIN,0.5,extbug_pattern_unconfirmed,11520,True,Class01:ExternalBug
34ed294bab157b27abfbb52ac286d0ba3a84c3753b78a0dbf4622c3d2196e7b3,UNCERTAIN,0.5,extbug_pattern_unconfirmed,22078,True,Class01:ExternalBug
350f1acdb109b0d6d75e4d44cd29938286e4ddb1b76189228e80b1d5d15ca70a,UNCERTAIN,0.5,extbug_pattern_unconfirmed,39759,True,Class01:ExternalBug
34eb15db4e4561347ad944d7324afdf2396671cf8404d5d73fb55d179a09dafa,UNCERTAIN,0.5,extbug_pattern_unconfirmed,13481,True,Class01:ExternalBug
358ea819280fd1e6ed0bd250c065726f7a182b2f0d98fd2693fdc8f8e6185f34,UNCERTAIN,0.5,extbug_pattern_unconfirmed,15287,True,Class01:ExternalBug
36e500642031bbc512110ce5488a241546ea9693cf775955fb468f4f4dc6d0d1,UNCERTAIN,0.5,extbug_pattern_unconfirmed,1904,True,Class01:ExternalBug
3764721779050d368bdd02610a8e72aada60760c7478ca3b5d56f68e550bca3f,UNCERTAIN,0.5,extbug_pattern_unconfirmed,1186,True,Class01:ExternalBug
39e87cfbdd65e5966ccf34e80470f47443d68c956e15c76ed3ca33f9d7dcd7af,UNCERTAIN,0.5,extbug_pattern_unconfirmed,106048,True,Class01:ExternalBug
3c0ecccd64b36dd79047e7608a1bb69f68fa4bdbc28f963ecf023c1cbc459088,UNCERTAIN,0.5,extbug_pattern_unconfirmed,1045,True,Class01:ExternalBug
3bf9aab5f877e3990666ec6a5b7b1fbfa4450ea177df7e17988cb37202f7ddfe,UNCERTAIN,0.5,extbug_pattern_unconfirmed,31109,True,Class01:ExternalBug
3c6cd4ffd6086b486d3221b9a42f352f8bf1e8c432bcf919044999221461cadd,UNCERTAIN,0.5,extbug_pattern_unconfirmed,91585,True,Class01:ExternalBug
3c72ad09885336e9f43030770e0bd4c5890f6483159ba4c075948e1c3ad67fca,UNCERTAIN,0.5,extbug_pattern_unconfirmed,36394,True,Class01:ExternalBug
3d743980b85280173da0cf0f2700e1a04fb9f0ae29b9bc7436471c1c4fde620e,UNCERTAIN,0.5,extbug_pattern_unconfirmed,59844,True,Class01:ExternalBug
3e18ef85fe07f812effeab4f0c75feaed00fad79c682c90231e97cefeff8621f,UNCERTAIN,0.5,extbug_pattern_unconfirmed,12326,True,Class01:ExternalBug
3f055215eb1dcbd925b5e70f4228781f0687c7821d285d9a02da5b749663fb00,UNCERTAIN,0.5,extbug_pattern_unconfirmed,5970,True,Class01:ExternalBug
3fe14ba01d2754b4f426f7279f582f2be84a41b580487faacd2c1714ee2e1487,UNCERTAIN,0.5,extbug_pattern_unconfirmed,3049,True,Class01:ExternalBug
3f9bb1e00563056f68721f1de3c20e90183ae48389c4b19e2f706248076e9926,UNCERTAIN,0.5,extbug_pattern_unconfirmed,7841,True,Class01:ExternalBug
40699a992415d1bce4cca0d90a421184ae3d6e4c803d8994be442c2976810e2a,UNCERTAIN,0.5,extbug_pattern_unconfirmed,18573,True,Class01:ExternalBug
3fff5a28447b9484ebbeb7a260a6591d72448528454e82d84f2cb5bfaa9777f9,UNCERTAIN,0.5,extbug_pattern_unconfirmed,2639,True,Class01:ExternalBug
3fe8cad3f6f05b27e84947d3c4d8e39932158feb963f74a307ae0a7c7edce8d5,UNCERTAIN,0.5,extbug_pattern_unconfirmed,48583,True,Class01:ExternalBug
41a253a2fef2389a0d565254110a2802a3bf89d3de8d153510d388221dfd5227,UNCERTAIN,0.5,extbug_pattern_unconfirmed,431,True,Class01:ExternalBug
42f14b396c69c83af08fe2d7a616b89b5bae7d57e9fdf7a13d70eb38ee1388af,UNCERTAIN,0.5,extbug_pattern_unconfirmed,1043,True,Class01:ExternalBug
437dfb6d8994e1931506ae321032227040c93a68816294ed3d8f600619de98c3,UNCERTAIN,0.5,extbug_pattern_unconfirmed,61315,True,Class01:ExternalBug
438bbf5c1dcadf32a6ff38b78318367fb4f5692e7df587bcfcbaf8a882799c4d,UNCERTAIN,0.5,extbug_pattern_unconfirmed,4746,True,Class01:ExternalBug
4413df29432b60951d3dd92e1fd471607ceab0acf8e3c1780a51ce882b14e320,UNCERTAIN,0.5,extbug_pattern_unconfirmed,65753,True,Class01:ExternalBug
45e67113326c79a41ea5f196c508c93237d87e0c7475b8fee6dc74dad47b0afd,UNCERTAIN,0.5,extbug_pattern_unconfirmed,11543,True,Class01:ExternalBug
47420b8f82a5246ba9763bfd45568ef3dc0e256c19fd1a5c466ba4a17731626c,UNCERTAIN,0.5,extbug_pattern_unconfirmed,1183,True,Class01:ExternalBug
4857203fd39dd648cc1ab7a79efd2c7444b4c221badd1b4c942374957a198a64,UNCERTAIN,0.5,extbug_pattern_unconfirmed,10926,True,Class01:ExternalBug
49341b35412f57787fa6e57b37a76fbef89564f38b1d95f3c149a1fc5f26688a,UNCERTAIN,0.5,extbug_pattern_unconfirmed,35225,True,Class01:ExternalBug
49afe1b58bdbcddae47ebe55b1edba0019c06fcec196717ce0a177dd104751d9,UNCERTAIN,0.5,extbug_pattern_unconfirmed,421,True,Class01:ExternalBug
4976d0e23889523cbea6fc4269f1a5748e36189b809eca6f23220e1f7ca24141,UNCERTAIN,0.5,extbug_pattern_unconfirmed,10326,True,Class01:ExternalBug
4addd41ae431fd1028ddebd99339b8eafe9cf9693d713baf63d43987d9e8d53e,UNCERTAIN,0.5,extbug_pattern_unconfirmed,1050,True,Class01:ExternalBug
4b23f2b55ab116d41d098c84f5c714d46fd72290aeb217ed4888d63288719856,UNCERTAIN,0.5,extbug_pattern_unconfirmed,25524,True,Class01:ExternalBug
4bf9466e936c5875ca68a4c39e383505d4d4f9aacb1c9d96b3c8cd24ffc5c031,UNCERTAIN,0.5,extbug_pattern_unconfirmed,31135,True,Class01:ExternalBug
4c5b302c6bc4aa7e6d11c6e03bd85d6e38cb837d1398f382a161eac796574556,UNCERTAIN,0.5,extbug_pattern_unconfirmed,64155,True,Class01:ExternalBug
4d1bb205e771718726ab6abe996d4906586e40dd0f49955c1687c88ee457c8f9,UNCERTAIN,0.5,extbug_pattern_unconfirmed,24366,True,Class01:ExternalBug
4f1e57bee3b0200a6850efb4ac8e06afe2233ba5347b0bb1018b0c2bb107d0f5,UNCERTAIN,0.5,extbug_pattern_unconfirmed,1038,True,Class01:ExternalBug
4fcc7449ec273fcf07492e43d7d2ecbf06c0bbdcc91481d7fcd44e60140d9694,UNCERTAIN,0.5,extbug_pattern_unconfirmed,18785,True,Class01:ExternalBug
507ce26254e06db46899a84beb6c3475f9478b8a77798056b06ee8812f9fbadf,UNCERTAIN,0.5,extbug_pattern_unconfirmed,7231,True,Class01:ExternalBug
536ece3b154b0b5fe308977a85c0d81efe22b5c4e31e735f215b6b7d959cee7e,UNCERTAIN,0.5,extbug_pattern_unconfirmed,32690,True,Class01:ExternalBug
53a415e5e12528741d989a0c22b9e7a0e9032d2be846987de62d9b01b96d00d4,UNCERTAIN,0.5,extbug_pattern_unconfirmed,47002,True,Class01:ExternalBug
53f60b88148e3e9241a4d0ddf6553fa85fe0fc58f360e5072c1addfdca7b2765,UNCERTAIN,0.5,extbug_pattern_unconfirmed,15547,True,Class01:ExternalBug
55b3c4f18eb3bb15146691cfe74e4e429d92b8621cf4feb093038c7877a0d212,UNCERTAIN,0.5,extbug_pattern_unconfirmed,32200,True,Class01:ExternalBug
55e417b2d07f7e0b3181987671cbd2ed45be40e24cadc929cac319dce2526df2,UNCERTAIN,0.5,extbug_pattern_unconfirmed,70371,True,Class01:ExternalBug
56883311a65b492560ca5f25b2d311525538ba3a46f4b84cc2122ae9174183ae,UNCERTAIN,0.5,extbug_pattern_unconfirmed,13353,True,Class01:ExternalBug
5688b8cf1c171fe5a0da89b658c449a5464b254b3342e216c0b4a41ccd1ca2f0,UNCERTAIN,0.5,extbug_pattern_unconfirmed,22990,True,Class01:ExternalBug
56c831ad20b6da67c59bbd8f6eef075557910e6cb97f88ee815761998a857688,UNCERTAIN,0.5,extbug_pattern_unconfirmed,3623,True,Class01:ExternalBug
5767a3e88f0dd3d80dfc0405ace02306542807e845edf1694c7eaf6fbc68690e,UNCERTAIN,0.5,extbug_pattern_unconfirmed,15920,True,Class01:ExternalBug
57be24928f006a4e4b0510b131bd2f1c1511e8529830710f37ad9b2acfe1e140,UNCERTAIN,0.5,extbug_pattern_unconfirmed,16276,True,Class01:ExternalBug
581d54772a1ec97b83a8a69c74d535816daa8cfcbf7f1d1576c2081392276825,UNCERTAIN,0.5,extbug_pattern_unconfirmed,6313,True,Class01:ExternalBug
58d03072bf68693188c3dde3576ad7622851bf464e8bac2ff1ba93c9895e2cfc,UNCERTAIN,0.5,extbug_pattern_unconfirmed,9108,True,Class01:ExternalBug
58cde9e6edc395e14e5e1bfde1e0980f4453cd9f2ebb9a9273445ef3c3297989,UNCERTAIN,0.5,extbug_pattern_unconfirmed,1130,True,Class01:ExternalBug
5b729a0148fa3c1c5b0d5a60ca4e6cc3f2d12ff06b50ca0c450fcf3740e420a9,UNCERTAIN,0.5,extbug_pattern_unconfirmed,13575,True,Class01:ExternalBug
5e04cfc27d57b8fd88fb959142c8927638577d3fa7c4507f97dfff23b7e974ba,UNCERTAIN,0.5,extbug_pattern_unconfirmed,23098,True,Class01:ExternalBug
5e5b96a8e89ec92cd5b05adf632e477fafec5096dea48212407c85d28b4945ad,UNCERTAIN,0.5,extbug_pattern_unconfirmed,76654,True,Class01:ExternalBug
5fa2dbc15fa5fa232bbc2a36f239984b3cf05efcbccaea01483dcc5862de9ed7,UNCERTAIN,0.5,extbug_pattern_unconfirmed,5322,True,Class01:ExternalBug
635c9c8f358c5fe0bae63ebef5b0d76d71adf37fccf2d33347b8763685f046d1,UNCERTAIN,0.5,extbug_pattern_unconfirmed,92701,True,Class01:ExternalBug
646e657632ebe794be3c53963a9567e9acb5ad6f624a474fd3d3e7cfd22d8a31,UNCERTAIN,0.5,extbug_pattern_unconfirmed,33985,True,Class01:ExternalBug
6553a15dd7a58fa7086dc260d2e175c61ee441875e484db9c3989652ae1cf85f,UNCERTAIN,0.5,extbug_pattern_unconfirmed,17335,True,Class01:ExternalBug
66ba98f0beb1a1383f4e893f5c4e195a5c6c49fa4e8b4b96ef1c47638ae6b982,UNCERTAIN,0.5,extbug_pattern_unconfirmed,12168,True,Class01:ExternalBug
6740cd21a8d029cc7da91f0656a0b5ebac06faaefbbe3f24131e48cee9708967,UNCERTAIN,0.5,extbug_pattern_unconfirmed,48754,True,Class01:ExternalBug
681342490fde88e8145410b84025bef746d722e3be826ad3eebb3e25338550bf,UNCERTAIN,0.5,extbug_pattern_unconfirmed,6836,True,Class01:ExternalBug
681970ff4a7fbbb1587db71024272d458c9697aec9f200916049fb86191e5301,UNCERTAIN,0.5,extbug_pattern_unconfirmed,1062,True,Class01:ExternalBug
6ad3fa4c48f58622dc36cdcf31384cbeb26931414f90c2371eaabbb58d31e63f,UNCERTAIN,0.5,extbug_pattern_unconfirmed,10808,True,Class01:ExternalBug
6b292548b149fd2975717fd39d677607cf83ef076d4172a54b91a6ff1c13a7b0,UNCERTAIN,0.5,extbug_pattern_unconfirmed,113570,True,Class01:ExternalBug
6b11f2259454d94f6923890f2a9515c2cb16e81eb2e0f99bf8f7b6332f79a452,UNCERTAIN,0.5,extbug_pattern_unconfirmed,58747,True,Class01:ExternalBug
6c7ebfd93fbd64a360b8387a8af5a86bfa7eaae1428844bcd735c6f8a7fcffdd,UNCERTAIN,0.5,extbug_pattern_unconfirmed,6800,True,Class01:ExternalBug
6d51e6c383f26cca938723d0d8467e445b8c67eccc67929ff3dd658933c411e5,UNCERTAIN,0.5,extbug_pattern_unconfirmed,117919,True,Class01:ExternalBug
6f87aa840b6ff4f7d5abb3a26160b118a51d5f36c186aad673165730680dd7f9,UNCERTAIN,0.5,extbug_pattern_unconfirmed,9144,True,Class01:ExternalBug
6fdfb3f0789d6e0ff29afc1e2c073c1c0e8e3b54e473f910f0af6850d404af2d,UNCERTAIN,0.5,extbug_pattern_unconfirmed,191592,True,Class01:ExternalBug
70b5d093b25ae947760068de4756d40e1ca7641cf87523dd32f8ea5bcf1cf08d,UNCERTAIN,0.5,extbug_pattern_unconfirmed,8126,True,Class01:ExternalBug
71254e5842c9df71f3e2686a91b049199dddcd3fff7e8f48e1e5797d33985762,UNCERTAIN,0.5,extbug_pattern_unconfirmed,14484,True,Class01:ExternalBug
71140aeae63bd74eaf2600152dd7629a81e60c1bb87319716180a4d02b8d2fd1,UNCERTAIN,0.5,extbug_pattern_unconfirmed,6127,True,Class01:ExternalBug
717ebab80be47393ddd19b655046bfd4f5b94ece4bc1c8a473fc254134b2dda2,UNCERTAIN,0.5,extbug_pattern_unconfirmed,915,True,Class01:ExternalBug
71e53886c7ee485e61007b71687c0b4dd3d7b7ac3d84f544be9898013650a634,UNCERTAIN,0.5,extbug_pattern_unconfirmed,13765,True,Class01:ExternalBug
726607340e77aa32e9a8fd33172f59c352874733a81289578f031d03eaae1efc,UNCERTAIN,0.5,extbug_pattern_unconfirmed,1051,True,Class01:ExternalBug
73efa856c96aec6715837c6a91ebe4391acfea4742c73fc1a5f9d0395246bb0f,UNCERTAIN,0.5,extbug_pattern_unconfirmed,75261,True,Class01:ExternalBug
75fcc3d3d46470acab33147db9fe498d3423a2a9e2a5b964644078334290bac0,UNCERTAIN,0.5,extbug_pattern_unconfirmed,54150,True,Class01:ExternalBug
76ba978f4c619c076b395d6478fb83690314b8eb40de7bab24270a3040e63134,UNCERTAIN,0.5,extbug_pattern_unconfirmed,996,True,Class01:ExternalBug
7744eb043cc09b84186ec8cd29950d26a11e7164f1fcbe2d829404d6c58e54b6,UNCERTAIN,0.5,extbug_pattern_unconfirmed,13480,True,Class01:ExternalBug
77919680bf9bf6028d400c006f5f9367dc4f59be550b76610f4829cbb7bac4ad,UNCERTAIN,0.5,extbug_pattern_unconfirmed,32717,True,Class01:ExternalBug
77e12f328a3fe64f5f48e30f88e4aa5cec077cba9d3b62db1992a3fe39471f46,UNCERTAIN,0.5,extbug_pattern_unconfirmed,1142,True,Class01:ExternalBug
78302c4925de03737caf5c88ea084ec9d62444c7c5c1de881a3e020c2bad159b,UNCERTAIN,0.5,extbug_pattern_unconfirmed,9285,True,Class01:ExternalBug
79eff08d2ad754247a5f831b8a7f86fe252c687d7bf8996821d2b26716d114b1,UNCERTAIN,0.5,extbug_pattern_unconfirmed,43850,True,Class01:ExternalBug
7bb1b7ded0527da97dfcf7d872fb19f1a63bc93fdf3643b9e160b4319ba7bfdd,UNCERTAIN,0.5,extbug_pattern_unconfirmed,27405,True,Class01:ExternalBug
7d86d14b19f4f131deee784f383b2195b7f21c938a9a5f6fda446a3a6c344fdb,UNCERTAIN,0.5,extbug_pattern_unconfirmed,3881,True,Class01:ExternalBug
7f1c6bd21935ed765f84670b3b600b42249805859e3d1c77d1381fecdde96698,UNCERTAIN,0.5,extbug_pattern_unconfirmed,15640,True,Class01:ExternalBug
7f239fd471025513add982f2297a39306523d8123eb2a4d7454cfadb57f7aba5,UNCERTAIN,0.5,extbug_pattern_unconfirmed,54079,True,Class01:ExternalBug
7f2dfbe6f8e81f3986eee5cb3166db8515d08423fd57c4677b75c6ee845e44f0,UNCERTAIN,0.5,extbug_pattern_unconfirmed,17121,True,Class01:ExternalBug
7f0bd7b98f0b2fd684f926aab40b365066165e1da61cb287dee530a8029c00e8,UNCERTAIN,0.5,extbug_pattern_unconfirmed,35282,True,Class01:ExternalBug
7f7df416589ff7650e352587cba0011dd6acca61728f9934db027663a800ba98,UNCERTAIN,0.5,extbug_pattern_unconfirmed,13305,True,Class01:ExternalBug
7f706dad49c2baebec8083856bc8de3c13519b6f7c40c34b08829bd3647f0d46,UNCERTAIN,0.5,extbug_pattern_unconfirmed,30584,True,Class01:ExternalBug
7fec8586f9e6e2fe6d7f296efee9bd9866647dfa65d9078ff4ad508621767795,UNCERTAIN,0.5,extbug_pattern_unconfirmed,1043,True,Class01:ExternalBug
7fa4cf77c022016b42a36952fba920f14457c6764d95480ec90a76a37ad300dc,UNCERTAIN,0.5,extbug_pattern_unconfirmed,4608,True,Class01:ExternalBug
80366cceee3f5d89325b1d927d9943e854542d46c8975ffc1ba8a0347bac3e6d,UNCERTAIN,0.5,extbug_pattern_unconfirmed,9401,True,Class01:ExternalBug
80bd123dcd55ae7288c956d36d2308546495930f69812c001061dd8e0d44ab6a,UNCERTAIN,0.5,extbug_pattern_unconfirmed,65703,True,Class01:ExternalBug
80f7ec948884e5ddda7d33a6a3d0e0662e85c58da0332ed85aa4f0f51bf96a9b,UNCERTAIN,0.5,extbug_pattern_unconfirmed,13262,True,Class01:ExternalBug
818649eff61da6d787d05423b4ec7b4adcb14b9a3cc43ca96cb29e3abe1289f4,UNCERTAIN,0.5,extbug_pattern_unconfirmed,5665,True,Class01:ExternalBug
81b26f8cf9d63e6760127fec1561b709a87d879be5a5de97fdb27a21f9bf2a66,UNCERTAIN,0.5,extbug_pattern_unconfirmed,17619,True,Class01:ExternalBug
82f699c3e87f0c9eb33195c1b71b788e48b1a759a9200742d34b79441e525365,UNCERTAIN,0.5,extbug_pattern_unconfirmed,18824,True,Class01:ExternalBug
833237d987e08cb48f822782a25872473cac26c956514ebdae888c93c1b9a506,UNCERTAIN,0.5,extbug_pattern_unconfirmed,16084,True,Class01:ExternalBug
8319e9a0883f2e6393eb27d96131edab4677dc46e2838eaba2e7e994c6537046,UNCERTAIN,0.5,extbug_pattern_unconfirmed,1136,True,Class01:ExternalBug
83bc5d05e9b52830e0df5a708e56ebe4638130ab4a0178131ab0b389200c119a,UNCERTAIN,0.5,extbug_pattern_unconfirmed,6212,True,Class01:ExternalBug
84253d897bbb243c6c95e89e0c8d1b1a5e50a4ebaa49a08d89f989a00ff712d3,UNCERTAIN,0.5,extbug_pattern_unconfirmed,1324,True,Class01:ExternalBug
85f5fe18cebc13261d071a80100eafc61a7ca680fb0cd1404cec7afcfa6f77c3,UNCERTAIN,0.5,extbug_pattern_unconfirmed,25088,True,Class01:ExternalBug
85cd7a094ce0745b6ff8d786e4d7c2fcd8f1a6baa374e31ef51769791cd25947,UNCERTAIN,0.5,extbug_pattern_unconfirmed,18514,True,Class01:ExternalBug
875c3bde9f527b8478c200d2c235b5702197e390af44a5dbcbdbcf6c2749d3ef,UNCERTAIN,0.5,extbug_pattern_unconfirmed,8686,True,Class01:ExternalBug
87774daadb7a0190370ee33ba10d227330a656542551c4666ccbf49bbd23a354,UNCERTAIN,0.5,extbug_pattern_unconfirmed,1048,True,Class01:ExternalBug
873c29f0bfce36875de6928695995e1aabd1e4e23a43d46064e19ca7287814f8,UNCERTAIN,0.5,extbug_pattern_unconfirmed,6312,True,Class01:ExternalBug
8793523fa40ae76b0bc0ca948064b6f3fd1008b49e8b0be8865aafa941e57d3b,UNCERTAIN,0.5,extbug_pattern_unconfirmed,13608,True,Class01:ExternalBug
87e36ab410f359762ec9acf7d138e4a8dae579fcf25114387e1d86a5f3b887c2,UNCERTAIN,0.5,extbug_pattern_unconfirmed,7755,True,Class01:ExternalBug
88e1558629745df3dfdace8959a748e9cc09df1121a061536a355ad624c0108c,UNCERTAIN,0.5,extbug_pattern_unconfirmed,9702,True,Class01:ExternalBug
892839a6817f52dcd8e907e891048c642ab216426831802cfb958831eea93372,UNCERTAIN,0.5,extbug_pattern_unconfirmed,41756,True,Class01:ExternalBug
89a4d49082d9ca18ceccf9c015b4e424c5f1171c179d198c4fb9be3ff7822869,UNCERTAIN,0.5,extbug_pattern_unconfirmed,21879,True,Class01:ExternalBug
8aa0966dd33b11d41b59626509c14be3c612329ec7f5cdc86445daedfd9e4f4b,UNCERTAIN,0.5,extbug_pattern_unconfirmed,36557,True,Class01:ExternalBug
8c465fbe4a63edcec280a518a9f7f7761d452f5984b3daf903cdbd5aa0eb170b,UNCERTAIN,0.5,extbug_pattern_unconfirmed,68802,True,Class01:ExternalBug
8c49638a41988606f8486181573307f1db9c54f6a7699df93ae4ab9a6de9e4e9,UNCERTAIN,0.5,extbug_pattern_unconfirmed,1050,True,Class01:ExternalBug
8ccfb42b451ff6f60ed0c94fad569a0ab9fa3aeabf22d5eb5d3497e679053721,UNCERTAIN,0.5,extbug_pattern_unconfirmed,43123,True,Class01:ExternalBug
8df2c70f3509a986fac106b7ffcf5ed4466954c12487b7f91c15c112d6c35898,UNCERTAIN,0.5,extbug_pattern_unconfirmed,11488,True,Class01:ExternalBug
8efd3332e38cf22ec74955f2f2b0f3a810ab30014e66f8a852f88eaa52886fc8,UNCERTAIN,0.5,extbug_pattern_unconfirmed,33042,True,Class01:ExternalBug
8eeb9dcb2b9f6aa6f0242645a79713fed7b238780845018900006cc402dfbac5,UNCERTAIN,0.5,extbug_pattern_unconfirmed,367,True,Class01:ExternalBug
8f6a481d8896ef9e2942e1bac9947c84852cb6cd89cbd75462326b1ae2196f21,UNCERTAIN,0.5,extbug_pattern_unconfirmed,90723,True,Class01:ExternalBug
909a8f1f51fae5a744377c8c52d401fafdf6343efd232e4be6d97c64f5d6f514,UNCERTAIN,0.5,extbug_pattern_unconfirmed,100378,True,Class01:ExternalBug
9315fa758664cb29c2a53f63dbb66f80be251e81cd35ba8bbaf53116ecd11142,UNCERTAIN,0.5,extbug_pattern_unconfirmed,7394,True,Class01:ExternalBug
950dd0b9ee790c645aa6a98cbbc0b75149cc4fcfb9558e8dc8b8c4213e1e06db,UNCERTAIN,0.5,extbug_pattern_unconfirmed,3903,True,Class01:ExternalBug
9645d0f3a39a6ddf1a89c6c29870e12d30e23f25b7b5db0a0aa1e0a7cd4fe400,UNCERTAIN,0.5,extbug_pattern_unconfirmed,1079,True,Class01:ExternalBug
973894da8eb22df83dcc0e13b14541b54d89a4bd03e92eb6b792ead1ca205798,UNCERTAIN,0.5,extbug_pattern_unconfirmed,97986,True,Class01:ExternalBug
96dc4ffebb0e803545d8dedb5c626040a4c35b779172f557656d999ae17b0025,UNCERTAIN,0.5,extbug_pattern_unconfirmed,34967,True,Class01:ExternalBug
981be89d256a86b58596620088d50f2884c2485054b65dbb4357a276ab149d8d,UNCERTAIN,0.5,extbug_pattern_unconfirmed,26345,True,Class01:ExternalBug
984ca7536da49a305e9d382444c8c3d15ae3c1a720461b40dd59f050485e8129,UNCERTAIN,0.5,extbug_pattern_unconfirmed,1131,True,Class01:ExternalBug
9968bf5eb049d9514386bf95ef9a47557c72d670ba92bcb19121673bb47be98a,UNCERTAIN,0.5,extbug_pattern_unconfirmed,43411,True,Class01:ExternalBug
9e01568d62086cefaa803a7878a6e43bb9abff369db3e1fe4b52dcebcabc4d40,UNCERTAIN,0.5,extbug_pattern_unconfirmed,1833,True,Class01:ExternalBug
9e576084ed5ae4548193642c8b5aa91aed6bef1b65d8fed98bec99618fdc83b8,UNCERTAIN,0.5,extbug_pattern_unconfirmed,2222,True,Class01:ExternalBug
9e7f6a4d9db95242677e9c7f86d2d8240dda0602d0551c91366d5d7a2de163de,UNCERTAIN,0.5,extbug_pattern_unconfirmed,144817,True,Class01:ExternalBug
9ea3040b50bb50fc07bf0bf033c6ff4b2aec668bffd78a259053ebfcfee0c3d0,UNCERTAIN,0.5,extbug_pattern_unconfirmed,25389,True,Class01:ExternalBug
9f6a05e34be6476a16ddb84c66800a8684da0abc56953c7ccbe966ed6ff99f57,UNCERTAIN,0.5,extbug_pattern_unconfirmed,21319,True,Class01:ExternalBug
9f9665a3b9fb3ed6d5833b3cba4a9ea6e13f066c9102063b495ca2c941c32bee,UNCERTAIN,0.5,extbug_pattern_unconfirmed,15750,True,Class01:ExternalBug
a005826b608dc136b3b30a9fb89454d3de62b87748ffc4ccb8811a7065250ad7,UNCERTAIN,0.5,extbug_pattern_unconfirmed,23025,True,Class01:ExternalBug
a0935a39f787df8f81e66dcfe572e697148528beaec45dabef3f37e6890450cf,UNCERTAIN,0.5,extbug_pattern_unconfirmed,87812,True,Class01:ExternalBug
a0bc4a3c9c2185b2e5c2ebb89500fb82c6eea5848cb347a3d43502197fc39fdd,UNCERTAIN,0.5,extbug_pattern_unconfirmed,5404,True,Class01:ExternalBug
a0c2b75de8d33e936fd3e37791ae177d3d77192717eb1bfb25cfa949e85a5ad8,UNCERTAIN,0.5,extbug_pattern_unconfirmed,6311,True,Class01:ExternalBug
a0d5e067a065bfbaa33d5564209e89606df6f376f6eb3e67697541c9cfeb59ce,UNCERTAIN,0.5,extbug_pattern_unconfirmed,26417,True,Class01:ExternalBug
a2fc4fcfe1cae73354b496d999c27ffbf9d7ac4b147b649eef527c69c303385b,UNCERTAIN,0.5,extbug_pattern_unconfirmed,29737,True,Class01:ExternalBug
a30a1a8c75115ceabd0818800210ecb402842ac9e7aa2cbe22f4af9c470ae040,UNCERTAIN,0.5,extbug_pattern_unconfirmed,5091,True,Class01:ExternalBug
a3e796e18e02310f6f42f5137bfebcf231c111aae53f85585afd71f3f8fee6b4,UNCERTAIN,0.5,extbug_pattern_unconfirmed,1043,True,Class01:ExternalBug
a43b3a8ce2f5f354ad0988937c1239d013b82c654c6bc2ecae35d7ba4af20820,UNCERTAIN,0.5,extbug_pattern_unconfirmed,39960,True,Class01:ExternalBug
a5b4e2b24c795dba2d945db9f54a215d001f157e853e2dea7e37aba1a17b1776,UNCERTAIN,0.5,extbug_pattern_unconfirmed,1785,True,Class01:ExternalBug
a7f43890ba5cc57a9f62c0e157f68f36544ba43b2181e5c61ab9c5f2699f2ebb,UNCERTAIN,0.5,extbug_pattern_unconfirmed,1133,True,Class01:ExternalBug
a7a31e60cbcea427ec938daca663f89c705fd46d59b4d2350e84c3c6b67bec0d,UNCERTAIN,0.5,extbug_pattern_unconfirmed,1374,True,Class01:ExternalBug
a870734e97d4a67d603399940b25374a206f6d30ffeda4c0056c0ff39353175d,UNCERTAIN,0.5,extbug_pattern_unconfirmed,47063,True,Class01:ExternalBug
a8d280468f7f3f86ed0f55a68d9b6f89c67ff1422cd72c927b35144acc10dbd8,UNCERTAIN,0.5,extbug_pattern_unconfirmed,16392,True,Class01:ExternalBug
a8beea1f5aa8e20c26ddb4f404d7aa1b9d092a4ad6584f64caa719c9f087cc4b,UNCERTAIN,0.5,extbug_pattern_unconfirmed,91508,True,Class01:ExternalBug
a8d536163ec130f298044e7ffb4b8b266569846f1a9c0bc38b7a2f60555d6c29,UNCERTAIN,0.5,extbug_pattern_unconfirmed,7816,True,Class01:ExternalBug
ab12b8074a2d70395833fb27a2245ae41e10be0dbc2e2d1b9ef89d7f3a354e62,UNCERTAIN,0.5,extbug_pattern_unconfirmed,1173,True,Class01:ExternalBug
aa7db643e847eebefcc335b22b936e5511af79cd46879405f8d5d48069a938f0,UNCERTAIN,0.5,extbug_pattern_unconfirmed,28165,True,Class01:ExternalBug
ab448d76418d814dfec5ea0e8d1fdf46b95dba65f21fd8b45c9cec3ef23bdffe,UNCERTAIN,0.5,extbug_pattern_unconfirmed,1334,True,Class01:ExternalBug
abfb00d34bde0f7e5f5b1953b4a230db13a264c891b570913bcdb95ff22b84a4,UNCERTAIN,0.5,extbug_pattern_unconfirmed,6047,True,Class01:ExternalBug
ac44542b1b705e44bd555a348d187a6923a8bff97520ce77d0ee42b067823ece,UNCERTAIN,0.5,extbug_pattern_unconfirmed,1321,True,Class01:ExternalBug
ad6e704ec55a40932b2dddf1d9d4f60df5b0d99aa0a2700cd39b47a2137bec7c,UNCERTAIN,0.5,extbug_pattern_unconfirmed,416,True,Class01:ExternalBug
afa2f817156732e22b5dde358472debcfa421242bc9bb094530d9a0c950c8eaa,UNCERTAIN,0.5,extbug_pattern_unconfirmed,22834,True,Class01:ExternalBug
b0fde23166009ac8ab6194dbf3417d64825e8483b1ad033e32ef5ecb551c4980,UNCERTAIN,0.5,extbug_pattern_unconfirmed,6467,True,Class01:ExternalBug
b1a7405249b06a121be99457f749742b5ac192a9a3b64984fb856ac7a94f49e1,UNCERTAIN,0.5,extbug_pattern_unconfirmed,16362,True,Class01:ExternalBug
b30cf3192a5f7cfb17c29b61daab06cd39f5f9f1ecb7905948125cb198270b04,UNCERTAIN,0.5,extbug_pattern_unconfirmed,7967,True,Class01:ExternalBug
b31a24a093f64a4d4e46715bc008675846bb2e85ea2bf88ad4ed0e14b848ffe9,UNCERTAIN,0.5,extbug_pattern_unconfirmed,9285,True,Class01:ExternalBug
b4a7afb0242c2e8292ad77ec9bb954ca4d59263b06f2ce2f446137385653707b,UNCERTAIN,0.5,extbug_pattern_unconfirmed,1141,True,Class01:ExternalBug
b5e18086bf9a2384c10897fe36ab29be1755949c78dd811e7c774d3700addd69,UNCERTAIN,0.5,extbug_pattern_unconfirmed,1372,True,Class01:ExternalBug
b595e820798dbcb352c9a89c8127796b2650b704d16f05743d32ac35cbe56741,UNCERTAIN,0.5,extbug_pattern_unconfirmed,10406,True,Class01:ExternalBug
b63a644258d14f0a57f6269ba24b6ab83c0b41c2e817f1179629a34821ada3be,UNCERTAIN,0.5,extbug_pattern_unconfirmed,10131,True,Class01:ExternalBug
b843cac31152e2a0fac188863329c8fcfb1284ddfe195cf3566594be5cbfcfd0,UNCERTAIN,0.5,extbug_pattern_unconfirmed,219297,True,Class01:ExternalBug
b93cc161a9613acad9eb9c508a653eabb6592e83edcd7b35d1d37d22aa6b8178,UNCERTAIN,0.5,extbug_pattern_unconfirmed,1335,True,Class01:ExternalBug
b95a68c48aea53cfcb6956beb39e0d44b3223777d1a6b44f616a732175c47fbd,UNCERTAIN,0.5,extbug_pattern_unconfirmed,41062,True,Class01:ExternalBug
b9b3ff2769485f5910c64448e959763c895437aca636356632f2f68f1d48d8bf,UNCERTAIN,0.5,extbug_pattern_unconfirmed,1325,True,Class01:ExternalBug
ba5089cf7bc51fba1f9546fcd6f69073f73d0fb343819b3413b02b2ab0c70996,UNCERTAIN,0.5,extbug_pattern_unconfirmed,1185,True,Class01:ExternalBug
bb8115b88d00641c9a08e990aca8e8553de917f019b7653a35ddab9a66be2d2a,UNCERTAIN,0.5,extbug_pattern_unconfirmed,946,True,Class01:ExternalBug
bbbb94f89229e013b04f2fd395dfccdd9609047cfabf93017734ec52dfb611fa,UNCERTAIN,0.5,extbug_pattern_unconfirmed,10819,True,Class01:ExternalBug
bbccab16889be35c787ec6deabe978afb9b89bc33e5b8098aba9638a1c30c9b3,UNCERTAIN,0.5,extbug_pattern_unconfirmed,6546,True,Class01:ExternalBug
bbf4e26b0a99a3d2dc275c985a1534a71d5cb0c8f865286eb82047256d5a5bcd,UNCERTAIN,0.5,extbug_pattern_unconfirmed,5519,True,Class01:ExternalBug
bc184f172cb01ff6705f46d8ac569865f74f943e8d435084d6ce99ce0d13d3b7,UNCERTAIN,0.5,extbug_pattern_unconfirmed,23111,True,Class01:ExternalBug
bd10d6979ca2602d7baca07ff35a1599691e6d20d152e70cdeee66ba2c536e15,UNCERTAIN,0.5,extbug_pattern_unconfirmed,33347,True,Class01:ExternalBug
be5ac182d9431fd7b9c78eac6102a6409e882d74768cdbaf33e3363745e5be3d,UNCERTAIN,0.5,extbug_pattern_unconfirmed,15746,True,Class01:ExternalBug
bfcc1bcdc4f4b99081fddddee3bf4ce2115b6e1b891b3beac98b4f9dd6dceecf,UNCERTAIN,0.5,extbug_pattern_unconfirmed,6312,True,Class01:ExternalBug
bfb1212db6c262a41b39ff8f46700b33c56e8b2bc3ac672017c7e291f2e750fa,UNCERTAIN,0.5,extbug_pattern_unconfirmed,13952,True,Class01:ExternalBug
c1514b5f95da153f3ee98ee7ea395c1bd52d45c34c242bf257edd5498489569c,UNCERTAIN,0.5,extbug_pattern_unconfirmed,66019,True,Class01:ExternalBug
c16267567abb7b781df34cb5416e81aeb589873a0c6af137503bd1c0bcbbc575,UNCERTAIN,0.5,extbug_pattern_unconfirmed,11016,True,Class01:ExternalBug
c2464edd022f723043949bc8829ddd20b523ad13ced4764dce638f5da7f7826e,UNCERTAIN,0.5,extbug_pattern_unconfirmed,1045,True,Class01:ExternalBug
c354e0bbd7318d54ea0a79a3355148cf5cc3b8679ea5e3ed4004cb9ebb803781,UNCERTAIN,0.5,extbug_pattern_unconfirmed,1376,True,Class01:ExternalBug
c46f0b2a70d967ed6bb6eb28ff6e72f2831470180ae0993cd9656964cb35acc7,UNCERTAIN,0.5,extbug_pattern_unconfirmed,3989,True,Class01:ExternalBug
c570aa762822e11180827fec1c019597d326e6ddd357b211e748c8c3b1adadfd,UNCERTAIN,0.5,extbug_pattern_unconfirmed,31211,True,Class01:ExternalBug
c92808adc66b6b151d6769b659275a9c37a83642c8a53cd7ded3810506231ea0,UNCERTAIN,0.5,extbug_pattern_unconfirmed,30635,True,Class01:ExternalBug
c997a8b6ad879f3ba8c5aa0bceb7b7656dd021d546420240de31b0aee553dea3,UNCERTAIN,0.5,extbug_pattern_unconfirmed,7862,True,Class01:ExternalBug
caa8c6ae2273da25d0afbda92a12da43c34e24eb62a85f526ecf1da8c1677dd2,UNCERTAIN,0.5,extbug_pattern_unconfirmed,13706,True,Class01:ExternalBug
cab0f45fffe12413e9c018610cae6198da20ec110ee3aac2f74cfc39985acad7,UNCERTAIN,0.5,extbug_pattern_unconfirmed,30286,True,Class01:ExternalBug
cac8e71893d428db3fc8888c81e554e9aee09a95920b8a9fc614c2af194f07fe,UNCERTAIN,0.5,extbug_pattern_unconfirmed,14594,True,Class01:ExternalBug
cb370c5a447bd3be97ae34591d06e8407814c44364bf5aa919b10dbeefd2197e,UNCERTAIN,0.5,extbug_pattern_unconfirmed,1055,True,Class01:ExternalBug
cb4a19e313470ec43f8f4c56c0dcaf8a9789cc03250d5bb17fd163907fad8b3a,UNCERTAIN,0.5,extbug_pattern_unconfirmed,10290,True,Class01:ExternalBug
cb6d196623415bb9c1a932a64238e697bb768367af4668b5093d9dec1255f256,UNCERTAIN,0.5,extbug_pattern_unconfirmed,1132,True,Class01:ExternalBug
cb8f8a60e1d8d8a020fa0cec624f5da11e8ee27858a600fd9b974d85cb541a7c,UNCERTAIN,0.5,extbug_pattern_unconfirmed,88857,True,Class01:ExternalBug
cd32da26bbd9ba9dcccdd47045dd98a1c1d5b1a38739242783eadb6e58a3521a,UNCERTAIN,0.5,extbug_pattern_unconfirmed,6249,True,Class01:ExternalBug
d27bd2aba166f0e639a209fa61d5216b80d674d71ef0c33379ccbe27e771efce,UNCERTAIN,0.5,extbug_pattern_unconfirmed,1183,True,Class01:ExternalBug
d38361b1566d55c19e81b672e43b96715924336ae67f90642fdf475f27ef9bd8,UNCERTAIN,0.5,extbug_pattern_unconfirmed,9883,True,Class01:ExternalBug
d4197f26fae365dc5587176a9eab1b82b12c01d1832be859b24a0ef5fcfea907,UNCERTAIN,0.5,extbug_pattern_unconfirmed,3575,True,Class01:ExternalBug
d3c2ec32f47a7641c343bb93c7023fad22703f7bb06e2b395e68a93b00b7b8ca,UNCERTAIN,0.5,extbug_pattern_unconfirmed,1022,True,Class01:ExternalBug
d7ab8704848a132866c1cea79aeb94a3cfc94d7b005fbad51da03e80829beebc,UNCERTAIN,0.5,extbug_pattern_unconfirmed,2238,True,Class01:ExternalBug
d7f2373240dba951f127c6b3a0d573cd045b7ba9420fbbd5a2500203b7975876,UNCERTAIN,0.5,extbug_pattern_unconfirmed,991,True,Class01:ExternalBug
d80c3a11994b198f93ece46e90184f4a61a38ad615d0b07423c430f2afd645b0,UNCERTAIN,0.5,extbug_pattern_unconfirmed,25730,True,Class01:ExternalBug
d8886148f1d2725b6783b3bce5bf9d9ef7e561e748773cd8ec74e2afe97cde23,UNCERTAIN,0.5,extbug_pattern_unconfirmed,25238,True,Class01:ExternalBug
d918cc09bad62aeaf119cca4bb3605e0afeb7cf46c82e4ac135ad8ec772f4ffc,UNCERTAIN,0.5,extbug_pattern_unconfirmed,8720,True,Class01:ExternalBug
d9ba9ec55b51a8e7205ebe63c9a6610e0249f8cf984538f13881518ba4cfcb53,UNCERTAIN,0.5,extbug_pattern_unconfirmed,47419,True,Class01:ExternalBug
dadeb6a04d9761cd2a734e2531c7fbb65a9a2049e36b8fe5fcaf6d7dfbc86a7d,UNCERTAIN,0.5,extbug_pattern_unconfirmed,71126,True,Class01:ExternalBug
da768a430632352339c342595d0c5419d61d7bc36528b993b65ea5ba85659220,UNCERTAIN,0.5,extbug_pattern_unconfirmed,14395,True,Class01:ExternalBug
dc17db91f71ba47364227db5800e72fe5588e23fed61bc6ce8621acb463215f8,UNCERTAIN,0.5,extbug_pattern_unconfirmed,14371,True,Class01:ExternalBug
dda2c0d41b89c87ca5708903819f8eb17e0b57c9d7eaa11b0aadc3fb9469e7af,UNCERTAIN,0.5,extbug_pattern_unconfirmed,6671,True,Class01:ExternalBug
ddc29f3881600ed578cdb66a9f4257ad85851843a2f58adc868d23cc150493cc,UNCERTAIN,0.5,extbug_pattern_unconfirmed,50383,True,Class01:ExternalBug
dea8af3edf83172ea57743751932a2be013c76329535cc09873131382fb1b1f4,UNCERTAIN,0.5,extbug_pattern_unconfirmed,45748,True,Class01:ExternalBug
ddac0f61882ebfe7adddfef312a038e1f4513720e44937d616fed91a21cb903c,UNCERTAIN,0.5,extbug_pattern_unconfirmed,100712,True,Class01:ExternalBug
de90ec650adff7cd2789fd8797e1aa52dcf074b2821a8f0ad0a72f506b435ff7,UNCERTAIN,0.5,extbug_pattern_unconfirmed,43207,True,Class01:ExternalBug
dfb85028f887d265a94dbe416466a7d4f69d68efebea0c178f4681e78f92d2d3,UNCERTAIN,0.5,extbug_pattern_unconfirmed,1060,True,Class01:ExternalBug
e0bba8546204a8c509b40dce3051cdd08cc6aa8cdd6278d71c8788209bf84837,UNCERTAIN,0.5,extbug_pattern_unconfirmed,1189,True,Class01:ExternalBug
e1bd973b46922408b7da593d5e7b9c968f0459220be6bc5e499938a54db82ae4,UNCERTAIN,0.5,extbug_pattern_unconfirmed,48667,True,Class01:ExternalBug
e197ad6b83a6177a1fdfcd9b79dbcc82cd6b3dc7b7bc4cdc86581c1e60d1c287,UNCERTAIN,0.5,extbug_pattern_unconfirmed,3742,True,Class01:ExternalBug
e1f9c75c1e6b827b7d3c86054eea01355f5dcb6b0b17a7f953fd496be00cc5d5,UNCERTAIN,0.5,extbug_pattern_unconfirmed,16084,True,Class01:ExternalBug
e3760c1e92bea7f918f6d7b799a97e07aba440642892fb13eef1ccf5cd968c69,UNCERTAIN,0.5,extbug_pattern_unconfirmed,76385,True,Class01:ExternalBug
e41b51f928e145fd9aec97ce9d5c3777bf724780e0847b00a48e25f67a27ab6e,UNCERTAIN,0.5,extbug_pattern_unconfirmed,19662,True,Class01:ExternalBug
e4245128e1c57f2ebfb8934260ddd23a67fc231760ce2956af3af7b241b8b767,UNCERTAIN,0.5,extbug_pattern_unconfirmed,26748,True,Class01:ExternalBug
e775985b316673d62d11b648c85f4b5a5e8faa7b488be9bd0a5e944919c5f59b,UNCERTAIN,0.5,extbug_pattern_unconfirmed,2314,True,Class01:ExternalBug
e84f34f75d2be7e4b5db39fc33d28ee5b543b6a4b9e5b6eeef1adeaa32dfd531,UNCERTAIN,0.5,extbug_pattern_unconfirmed,19918,True,Class01:ExternalBug
e9ced545202a00f2f7db15dcee4343e12b46d6488541781342473b9a8225d3dc,UNCERTAIN,0.5,extbug_pattern_unconfirmed,1184,True,Class01:ExternalBug
e9c1dedc9c0c0eb6a361dcae4ac327ca6e827ebaa6b3391515c240492846e1c3,UNCERTAIN,0.5,extbug_pattern_unconfirmed,32025,True,Class01:ExternalBug
eab43638fe75400a45a7fe3b753e5b06289f6c59fc0b004d43a0ad33d22dd7a5,UNCERTAIN,0.5,extbug_pattern_unconfirmed,14159,True,Class01:ExternalBug
ec121e2c2ba7d21d7444debf13aeb9a512654a0b250fff7b2d0ffab821d800d4,UNCERTAIN,0.5,extbug_pattern_unconfirmed,1397,True,Class01:ExternalBug
ecf9431cd25493c3e0bb715c5bc6684be56ef600e8cdc5582b202a53f728ac65,UNCERTAIN,0.5,extbug_pattern_unconfirmed,21453,True,Class01:ExternalBug
ed119b3ab8c5b5e2553739e013aee401ad46a1c3d07be5e1fad46e09e39c95b3,UNCERTAIN,0.5,extbug_pattern_unconfirmed,16361,True,Class01:ExternalBug
edaa9aa0a0bcf1a303ffa566160c8ff2da56c87bd5d6541d6c98b3faf8d245c4,UNCERTAIN,0.5,extbug_pattern_unconfirmed,20575,True,Class01:ExternalBug
ee3c43319c67eebf51c2bff339cec9d7620eefbf9dcf2fd1adcab2ffc4337faa,UNCERTAIN,0.5,extbug_pattern_unconfirmed,15553,True,Class01:ExternalBug
f0178751327126c7d4a707458af75929d8d8fb17aab2202818db0b82a3fe086c,UNCERTAIN,0.5,extbug_pattern_unconfirmed,7653,True,Class01:ExternalBug
f041d5c604f093c329a8e8d8195c8a6ba10e2034b59e30e539e51aec990526c0,UNCERTAIN,0.5,extbug_pattern_unconfirmed,41312,True,Class01:ExternalBug
f2c4e03010e00521a79758433152cba98dd9139985ef24b27b8fb05b5384ef3e,UNCERTAIN,0.5,extbug_pattern_unconfirmed,34263,True,Class01:ExternalBug
f43d7119f9c31fc92e0ccd8cd934259de543eab737f0ecc84ab22d8b5958a7d9,UNCERTAIN,0.5,extbug_pattern_unconfirmed,98331,True,Class01:ExternalBug
f53f764bcca208a55213759bcd34be4b41298a868da31d886c497c1e963772e8,UNCERTAIN,0.5,extbug_pattern_unconfirmed,11486,True,Class01:ExternalBug
f79a3c142de622f3f8e7784f7ec16bedf27dafc6a34f31d5cf38d692e8b429f9,UNCERTAIN,0.5,extbug_pattern_unconfirmed,1141,True,Class01:ExternalBug
f7a774f63993a96f50be67bc50db3f3ca8bea4e468b23c5815fbc966e67284ee,UNCERTAIN,0.5,extbug_pattern_unconfirmed,10262,True,Class01:ExternalBug
f9cb4b0a35b5bfa9d4411dbc5b2663af91c4fdffec59fd32e91323313bd5c520,UNCERTAIN,0.5,extbug_pattern_unconfirmed,1054,True,Class01:ExternalBug
f9d7d8a9f0ac7cbb21106f92cb2041346506e641f9a03e598484e7bde291cf46,UNCERTAIN,0.5,extbug_pattern_unconfirmed,1130,True,Class01:ExternalBug
fa208e4f6f380df75191cfb31ec726a5fa53bd7fbdd3f35ca7050979d926bb06,UNCERTAIN,0.5,extbug_pattern_unconfirmed,5005,True,Class01:ExternalBug
fad7689bfc074ffc42870f07e550f9b82c9475ad0a0f5ca194a605ef19b67460,UNCERTAIN,0.5,extbug_pattern_unconfirmed,1044,True,Class01:ExternalBug
fbbebc35ea1461f9031250cd59ea55df0eeb406a08b47373fa2dcad6168157a5,UNCERTAIN,0.5,extbug_pattern_unconfirmed,8922,True,Class01:ExternalBug
fbf36ae9a986b1c0a5707747bff0394e1aa505a59657b32e1854d81dead1455b,UNCERTAIN,0.5,extbug_pattern_unconfirmed,2695,True,Class01:ExternalBug
fc3a714c48e2d26623b2c43ef4d5639f46794e24021086142ef227daf3eccf9e,UNCERTAIN,0.5,extbug_pattern_unconfirmed,17414,True,Class01:ExternalBug
fc2276cb9d1602253d397932d196f6cd8c60d62e14794a7e656482b40793e6b3,UNCERTAIN,0.5,extbug_pattern_unconfirmed,933,True,Class01:ExternalBug
fc9e25d160aee381167ea1f0e8f93b2ab6ef89df22aeed9fcde536834fd560aa,UNCERTAIN,0.5,extbug_pattern_unconfirmed,1332,True,Class01:ExternalBug
fcff59fd77888f0e18e4c0b3e209d73dfaa5b61de4d1551f4bf69bcbdb3a035f,UNCERTAIN,0.5,extbug_pattern_unconfirmed,1189,True,Class01:ExternalBug
fdfbe23446f57080fbfd7c90056e12fc41a495c1420fe5b177f19018713e522e,UNCERTAIN,0.5,extbug_pattern_unconfirmed,13824,True,Class01:ExternalBug
ff33b97f95bb7289f9e08e82aadf1bf1f5361793c4ee198aba6ba00dc4d45259,UNCERTAIN,0.5,extbug_pattern_unconfirmed,1129,True,Class01:ExternalBug
